Database ID,Country,Districts,Region,Departments,Sous Prefecture,Commune,Latitude,Longitude,GeoID,ISO,ISO3,Most Specific Location8886,Cote d`Ivoire,,,,,,,,,ci,CIV,9115,Cote d`Ivoire,DISTRICT AUTONOME D'ABIDJAN,,,,,,,,,,DISTRICT AUTONOME D'ABIDJAN9445,Cote d`Ivoire,DISTRICT AUTONOME D'ABIDJAN,DISTRICT AUTONOME D'ABIDJAN,,,,,,,,,DISTRICT AUTONOME D'ABIDJAN9447,Cote d`Ivoire,DISTRICT AUTONOME D'ABIDJAN,DISTRICT AUTONOME D'ABIDJAN,ABIDJAN,,,,,,,,ABIDJAN,Cote d`Ivoire,DISTRICT AUTONOME D'ABIDJAN,DISTRICT AUTONOME D'ABIDJAN,ABIDJAN,Abidjan,,,,,,,Abidjan9450,Cote d`Ivoire,DISTRICT AUTONOME D'ABIDJAN,DISTRICT AUTONOME D'ABIDJAN,ABIDJAN,Abidjan,Abobo,,,,,,Abobo9451,Cote d`Ivoire,DISTRICT AUTONOME D'ABIDJAN,DISTRICT AUTONOME D'ABIDJAN,ABIDJAN,Abidjan,Adjamí©,,,,,,Adjamí©9452,Cote d`Ivoire,DISTRICT AUTONOME D'ABIDJAN,DISTRICT AUTONOME D'ABIDJAN,ABIDJAN,Abidjan,Attecoube,,,,,,Attecoube9453,Cote d`Ivoire,DISTRICT AUTONOME D'ABIDJAN,DISTRICT AUTONOME D'ABIDJAN,ABIDJAN,Abidjan,Cocody,,,,,,Cocody9457,Cote d`Ivoire,DISTRICT AUTONOME D'ABIDJAN,DISTRICT AUTONOME D'ABIDJAN,ABIDJAN,Abidjan,Port Bouet,,,,,,Port Bouet9458,Cote d`Ivoire,DISTRICT AUTONOME D'ABIDJAN,DISTRICT AUTONOME D'ABIDJAN,ABIDJAN,Abidjan,Treichville,,,,,,Treichville9454,Cote d`Ivoire,DISTRICT AUTONOME D'ABIDJAN,DISTRICT AUTONOME D'ABIDJAN,ABIDJAN,Abidjan,Koumassi,,,,,,Koumassi9455,Cote d`Ivoire,DISTRICT AUTONOME D'ABIDJAN,DISTRICT AUTONOME D'ABIDJAN,ABIDJAN,Abidjan,Marcory,,,,,,Marcory9456,Cote d`Ivoire,DISTRICT AUTONOME D'ABIDJAN,DISTRICT AUTONOME D'ABIDJAN,ABIDJAN,Abidjan,Plateau,,,,,,Plateau9460,Cote d`Ivoire,DISTRICT AUTONOME D'ABIDJAN,DISTRICT AUTONOME D'ABIDJAN,ABIDJAN,Anyama,Anyama,,,,,,Anyama9462,Cote d`Ivoire,DISTRICT AUTONOME D'ABIDJAN,DISTRICT AUTONOME D'ABIDJAN,ABIDJAN,Songon,Songon,,,,,,Songon9461,Cote d`Ivoire,DISTRICT AUTONOME D'ABIDJAN,DISTRICT AUTONOME D'ABIDJAN,ABIDJAN,Bingerville,Bingerville,,,,,,Bingerville,Cote d`Ivoire,DISTRICT AUTONOME D'ABIDJAN,DISTRICT AUTONOME D'ABIDJAN,ABIDJAN,Brofodoume,,,,,,,Brofodoume9459,Cote d`Ivoire,DISTRICT AUTONOME D'ABIDJAN,DISTRICT AUTONOME D'ABIDJAN,Yopougon,,,,,,,,Yopougon9121,Cote d`Ivoire,DISTRICT AUTONOME DE YAMOUSSOKRO,,,,,,,,,,DISTRICT AUTONOME DE YAMOUSSOKRO9446,Cote d`Ivoire,DISTRICT AUTONOME DE YAMOUSSOKRO,DISTRICT AUTONOME DE YAMOUSSOKRO,,,,,,,,,DISTRICT AUTONOME DE YAMOUSSOKRO9448,Cote d`Ivoire,DISTRICT AUTONOME DE YAMOUSSOKRO,DISTRICT AUTONOME DE YAMOUSSOKRO,ATTIEGOUAKRO,,,,,,,,ATTIEGOUAKRO,Cote d`Ivoire,DISTRICT AUTONOME DE YAMOUSSOKRO,DISTRICT AUTONOME DE YAMOUSSOKRO,ATTIEGOUAKRO,ATTIEGOUAKRO,,,,,,,ATTIEGOUAKRO,Cote d`Ivoire,DISTRICT AUTONOME DE YAMOUSSOKRO,DISTRICT AUTONOME DE YAMOUSSOKRO,ATTIEGOUAKRO,LOLOBO,,,,,,,LOLOBO9463,Cote d`Ivoire,DISTRICT AUTONOME DE YAMOUSSOKRO,DISTRICT AUTONOME DE YAMOUSSOKRO,ATTIEGOUAKRO,,PM,,,,,,PM9449,Cote d`Ivoire,DISTRICT AUTONOME DE YAMOUSSOKRO,DISTRICT AUTONOME DE YAMOUSSOKRO,YAMOUSSOKRO,,,,,,,,YAMOUSSOKRO,Cote d`Ivoire,DISTRICT AUTONOME DE YAMOUSSOKRO,DISTRICT AUTONOME DE YAMOUSSOKRO,YAMOUSSOKRO,Kossou,,,,,,,Kossou,Cote d`Ivoire,DISTRICT AUTONOME DE YAMOUSSOKRO,DISTRICT AUTONOME DE YAMOUSSOKRO,YAMOUSSOKRO,Yamoussokro,,,,,,,Yamoussokro9464,Cote d`Ivoire,DISTRICT AUTONOME DE YAMOUSSOKRO,DISTRICT AUTONOME DE YAMOUSSOKRO,YAMOUSSOKRO,Yamoussokro,Yamoussokro,,,,,,Yamoussokro9169,Cote d`Ivoire,DISTRICT DE DENGUELE,,,,,,,,,,DISTRICT DE DENGUELE9170,Cote d`Ivoire,DISTRICT DE DENGUELE,FOLON,,,,,,,,,FOLON9172,Cote d`Ivoire,DISTRICT DE DENGUELE,FOLON,KANIASSO,,,,,,,,KANIASSO,Cote d`Ivoire,DISTRICT DE DENGUELE,FOLON,KANIASSO,Goulia,,,,,,,Goulia9174,Cote d`Ivoire,DISTRICT DE DENGUELE,FOLON,KANIASSO,Goulia,Goulia,,,,,,Goulia,Cote d`Ivoire,DISTRICT DE DENGUELE,FOLON,KANIASSO,Kanassio,,,,,,,Kanassio9175,Cote d`Ivoire,DISTRICT DE DENGUELE,FOLON,KANIASSO,Kanassio,Kanassio,,,,,,Kanassio9173,Cote d`Ivoire,DISTRICT DE DENGUELE,FOLON,MINIGNAN,,,,,,,,MINIGNAN,Cote d`Ivoire,DISTRICT DE DENGUELE,FOLON,MINIGNAN,SOKORO,,,,,,,SOKORO,Cote d`Ivoire,DISTRICT DE DENGUELE,FOLON,MINIGNAN,Minignan,,,,,,,Minignan9176,Cote d`Ivoire,DISTRICT DE DENGUELE,FOLON,MINIGNAN,Minignan,Minignan,,,,,,Minignan,Cote d`Ivoire,DISTRICT DE DENGUELE,FOLON,MINIGNAN,Tienko,,,,,,,Tienko9177,Cote d`Ivoire,DISTRICT DE DENGUELE,FOLON,MINIGNAN,Tienko,Tienko,,,,,,Tienko9171,Cote d`Ivoire,DISTRICT DE DENGUELE,KABADOUGOU,,,,,,,,,KABADOUGOU9178,Cote d`Ivoire,DISTRICT DE DENGUELE,KABADOUGOU,ODIENNE,,,,,,,,ODIENNE,Cote d`Ivoire,DISTRICT DE DENGUELE,KABADOUGOU,ODIENNE,BOUGOUSSO,,,,,,,BOUGOUSSO,Cote d`Ivoire,DISTRICT DE DENGUELE,KABADOUGOU,ODIENNE,Bako,,,,,,,Bako9181,Cote d`Ivoire,DISTRICT DE DENGUELE,KABADOUGOU,ODIENNE,Bako,Bako,,,,,,Bako,Cote d`Ivoire,DISTRICT DE DENGUELE,KABADOUGOU,ODIENNE,Dioulatiedougou,,,,,,,Dioulatiedougou9182,Cote d`Ivoire,DISTRICT DE DENGUELE,KABADOUGOU,ODIENNE,Dioulatiedougou,Dioulatiedougou,,,,,,Dioulatiedougou,Cote d`Ivoire,DISTRICT DE DENGUELE,KABADOUGOU,ODIENNE,Odienne,,,,,,,Odienne9183,Cote d`Ivoire,DISTRICT DE DENGUELE,KABADOUGOU,ODIENNE,Odienne,Odienne,,,,,,Odienne,Cote d`Ivoire,DISTRICT DE DENGUELE,KABADOUGOU,ODIENNE,Tieme,,,,,,,Tieme9184,Cote d`Ivoire,DISTRICT DE DENGUELE,KABADOUGOU,ODIENNE,Tieme,Tieme,,,,,,Tieme9179,Cote d`Ivoire,DISTRICT DE DENGUELE,KABADOUGOU,SAMATIGUILA,,,,,,,,SAMATIGUILA,Cote d`Ivoire,DISTRICT DE DENGUELE,KABADOUGOU,SAMATIGUILA,KIMIRILA-SUD,,,,,,,KIMIRILA-SUD,Cote d`Ivoire,DISTRICT DE DENGUELE,KABADOUGOU,SAMATIGUILA,Samatiguila,,,,,,,Samatiguila9185,Cote d`Ivoire,DISTRICT DE DENGUELE,KABADOUGOU,SAMATIGUILA,Samatiguila,Samatiguila,,,,,,Samatiguila9180,Cote d`Ivoire,DISTRICT DE DENGUELE,KABADOUGOU,SEGUELON,,,,,,,,SEGUELON,Cote d`Ivoire,DISTRICT DE DENGUELE,KABADOUGOU,SEGUELON,Seguelon,,,,,,,Seguelon9186,Cote d`Ivoire,DISTRICT DE DENGUELE,KABADOUGOU,SEGUELON,Seguelon,Seguelon,,,,,,Seguelon9360,Cote d`Ivoire,DISTRICT DE LA VILLE DU BANDAMA,,,,,,,,,,DISTRICT DE LA VILLE DU BANDAMA9361,Cote d`Ivoire,DISTRICT DE LA VILLE DU BANDAMA,GBEKE,,,,,,,,,GBEKE9363,Cote d`Ivoire,DISTRICT DE LA VILLE DU BANDAMA,GBEKE,BEOUMI,,,,,,,,BEOUMI,Cote d`Ivoire,DISTRICT DE LA VILLE DU BANDAMA,GBEKE,BEOUMI,ANDO-KEKRENOU,,,,,,,ANDO-KEKRENOU,Cote d`Ivoire,DISTRICT DE LA VILLE DU BANDAMA,GBEKE,BEOUMI,KODROBO,,,,,,,KODROBO,Cote d`Ivoire,DISTRICT DE LA VILLE DU BANDAMA,GBEKE,BEOUMI,MARABADJASSA,,,,,,,MARABADJASSA,Cote d`Ivoire,DISTRICT DE LA VILLE DU BANDAMA,GBEKE,BEOUMI,Beoumi,,,,,,,Beoumi9367,Cote d`Ivoire,DISTRICT DE LA VILLE DU BANDAMA,GBEKE,BEOUMI,Beoumi,Beoumi,,,,,,Beoumi,Cote d`Ivoire,DISTRICT DE LA VILLE DU BANDAMA,GBEKE,BEOUMI,Bodokro,,,,,,,Bodokro9368,Cote d`Ivoire,DISTRICT DE LA VILLE DU BANDAMA,GBEKE,BEOUMI,Bodokro,Bodokro,,,,,,Bodokro9364,Cote d`Ivoire,DISTRICT DE LA VILLE DU BANDAMA,GBEKE,BOTRO,,,,,,,,BOTRO,Cote d`Ivoire,DISTRICT DE LA VILLE DU BANDAMA,GBEKE,BOTRO,LANGUIBONOU,,,,,,,LANGUIBONOU,Cote d`Ivoire,DISTRICT DE LA VILLE DU BANDAMA,GBEKE,BOTRO,Botro,,,,,,,Botro9369,Cote d`Ivoire,DISTRICT DE LA VILLE DU BANDAMA,GBEKE,BOTRO,Botro,Botro,,,,,,Botro,Cote d`Ivoire,DISTRICT DE LA VILLE DU BANDAMA,GBEKE,BOTRO,Diabo,,,,,,,Diabo9370,Cote d`Ivoire,DISTRICT DE LA VILLE DU BANDAMA,GBEKE,BOTRO,Diabo,Diabo,,,,,,Diabo9365,Cote d`Ivoire,DISTRICT DE LA VILLE DU BANDAMA,GBEKE,BOUAKE,,,,,,,,BOUAKE,Cote d`Ivoire,DISTRICT DE LA VILLE DU BANDAMA,GBEKE,BOUAKE,Bouake,,,,,,,Bouake9371,Cote d`Ivoire,DISTRICT DE LA VILLE DU BANDAMA,GBEKE,BOUAKE,Bouake,Bouake,,,,,,Bouake,Cote d`Ivoire,DISTRICT DE LA VILLE DU BANDAMA,GBEKE,BOUAKE,Brobo,,,,,,,Brobo9372,Cote d`Ivoire,DISTRICT DE LA VILLE DU BANDAMA,GBEKE,BOUAKE,Brobo,Brobo,,,,,,Brobo,Cote d`Ivoire,DISTRICT DE LA VILLE DU BANDAMA,GBEKE,BOUAKE,Djebonoua,,,,,,,Djebonoua9373,Cote d`Ivoire,DISTRICT DE LA VILLE DU BANDAMA,GBEKE,BOUAKE,Djebonoua,Djebonoua,,,,,,Djebonoua9366,Cote d`Ivoire,DISTRICT DE LA VILLE DU BANDAMA,GBEKE,SAKASSOU,,,,,,,,SAKASSOU,Cote d`Ivoire,DISTRICT DE LA VILLE DU BANDAMA,GBEKE,SAKASSOU,TOUMODI-SAKASSOU,,,,,,,TOUMODI-SAKASSOU,Cote d`Ivoire,DISTRICT DE LA VILLE DU BANDAMA,GBEKE,SAKASSOU,AYAOU-SRAN,,,,,,,AYAOU-SRAN,Cote d`Ivoire,DISTRICT DE LA VILLE DU BANDAMA,GBEKE,SAKASSOU,Sakassou,,,,,,,Sakassou9374,Cote d`Ivoire,DISTRICT DE LA VILLE DU BANDAMA,GBEKE,SAKASSOU,Sakassou,Sakassou,,,,,,Sakassou9362,Cote d`Ivoire,DISTRICT DE LA VILLE DU BANDAMA,HAMBOL,,,,,,,,,HAMBOL9375,Cote d`Ivoire,DISTRICT DE LA VILLE DU BANDAMA,HAMBOL,DABAKALA,,,,,,,,DABAKALA,Cote d`Ivoire,DISTRICT DE LA VILLE DU BANDAMA,HAMBOL,DABAKALA,SOKALA-SOBARA,,,,,,,SOKALA-SOBARA,Cote d`Ivoire,DISTRICT DE LA VILLE DU BANDAMA,HAMBOL,DABAKALA,NIEMENE,,,,,,,NIEMENE,Cote d`Ivoire,DISTRICT DE LA VILLE DU BANDAMA,HAMBOL,DABAKALA,BONIEREDOUGOU,,,,,,,BONIEREDOUGOU,Cote d`Ivoire,DISTRICT DE LA VILLE DU BANDAMA,HAMBOL,DABAKALA,Bassawa,,,,,,,Bassawa9378,Cote d`Ivoire,DISTRICT DE LA VILLE DU BANDAMA,HAMBOL,DABAKALA,Bassawa,Bassawa,,,,,,Bassawa,Cote d`Ivoire,DISTRICT DE LA VILLE DU BANDAMA,HAMBOL,DABAKALA,Bonieredougou,,,,,,,Bonieredougou9379,Cote d`Ivoire,DISTRICT DE LA VILLE DU BANDAMA,HAMBOL,DABAKALA,Bonieredougou,Bonieredougou,,,,,,Bonieredougou,Cote d`Ivoire,DISTRICT DE LA VILLE DU BANDAMA,HAMBOL,DABAKALA,Dabakala,,,,,,,Dabakala9380,Cote d`Ivoire,DISTRICT DE LA VILLE DU BANDAMA,HAMBOL,DABAKALA,Dabakala,Dabakala,,,,,,Dabakala,Cote d`Ivoire,DISTRICT DE LA VILLE DU BANDAMA,HAMBOL,DABAKALA,Foumbolo,,,,,,,Foumbolo9381,Cote d`Ivoire,DISTRICT DE LA VILLE DU BANDAMA,HAMBOL,DABAKALA,Foumbolo,Foumbolo,,,,,,Foumbolo,Cote d`Ivoire,DISTRICT DE LA VILLE DU BANDAMA,HAMBOL,DABAKALA,Satama-Sokoro,,,,,,,Satama-Sokoro9382,Cote d`Ivoire,DISTRICT DE LA VILLE DU BANDAMA,HAMBOL,DABAKALA,Satama-Sokoro,Satama-Sokoro,,,,,,Satama-Sokoro,Cote d`Ivoire,DISTRICT DE LA VILLE DU BANDAMA,HAMBOL,DABAKALA,Satama-Sokoura,,,,,,,Satama-Sokoura9383,Cote d`Ivoire,DISTRICT DE LA VILLE DU BANDAMA,HAMBOL,DABAKALA,Satama-Sokoura,Satama-Sokoura,,,,,,Satama-Sokoura9376,Cote d`Ivoire,DISTRICT DE LA VILLE DU BANDAMA,HAMBOL,KATIOLA,,,,,,,,KATIOLA,Cote d`Ivoire,DISTRICT DE LA VILLE DU BANDAMA,HAMBOL,KATIOLA,Timbe,,,,,,,Timbe,Cote d`Ivoire,DISTRICT DE LA VILLE DU BANDAMA,HAMBOL,KATIOLA,Fronan,,,,,,,Fronan9384,Cote d`Ivoire,DISTRICT DE LA VILLE DU BANDAMA,HAMBOL,KATIOLA,Fronan,Fronan,,,,,,Fronan,Cote d`Ivoire,DISTRICT DE LA VILLE DU BANDAMA,HAMBOL,KATIOLA,Katiola,,,,,,,Katiola9385,Cote d`Ivoire,DISTRICT DE LA VILLE DU BANDAMA,HAMBOL,KATIOLA,Katiola,Katiola,,,,,,Katiola9377,Cote d`Ivoire,DISTRICT DE LA VILLE DU BANDAMA,HAMBOL,NIAKARAMADOUGOU,,,,,,,,NIAKARAMADOUGOU,Cote d`Ivoire,DISTRICT DE LA VILLE DU BANDAMA,HAMBOL,NIAKARAMADOUGOU,ARIKOKAHA,,,,,,,ARIKOKAHA,Cote d`Ivoire,DISTRICT DE LA VILLE DU BANDAMA,HAMBOL,NIAKARAMADOUGOU,BADIKAHA,,,,,,,BADIKAHA,Cote d`Ivoire,DISTRICT DE LA VILLE DU BANDAMA,HAMBOL,NIAKARAMADOUGOU,NIEDIEKAHA,,,,,,,NIEDIEKAHA,Cote d`Ivoire,DISTRICT DE LA VILLE DU BANDAMA,HAMBOL,NIAKARAMADOUGOU,Niakaramadougou,,,,,,,Niakaramadougou9386,Cote d`Ivoire,DISTRICT DE LA VILLE DU BANDAMA,HAMBOL,NIAKARAMADOUGOU,Niakaramadougou,Niakaramadougou,,,,,,Niakaramadougou,Cote d`Ivoire,DISTRICT DE LA VILLE DU BANDAMA,HAMBOL,NIAKARAMADOUGOU,Tafire,,,,,,,Tafire9387,Cote d`Ivoire,DISTRICT DE LA VILLE DU BANDAMA,HAMBOL,NIAKARAMADOUGOU,Tafire,Tafire,,,,,,Tafire,Cote d`Ivoire,DISTRICT DE LA VILLE DU BANDAMA,HAMBOL,NIAKARAMADOUGOU,Tortiya,,,,,,,Tortiya9388,Cote d`Ivoire,DISTRICT DE LA VILLE DU BANDAMA,HAMBOL,NIAKARAMADOUGOU,Tortiya,Tortiya,,,,,,Tortiya9300,Cote d`Ivoire,DISTRICT DE SASSANDRA-MARAHOUE,,,,,,,,,,DISTRICT DE SASSANDRA-MARAHOUE9301,Cote d`Ivoire,DISTRICT DE SASSANDRA-MARAHOUE,HAUT-SASSANDRA,,,,,,,,,HAUT-SASSANDRA9303,Cote d`Ivoire,DISTRICT DE SASSANDRA-MARAHOUE,HAUT-SASSANDRA,DALOA,,,,,,,,DALOA,Cote d`Ivoire,DISTRICT DE SASSANDRA-MARAHOUE,HAUT-SASSANDRA,DALOA,GADOUAN,,,,,,,GADOUAN,Cote d`Ivoire,DISTRICT DE SASSANDRA-MARAHOUE,HAUT-SASSANDRA,DALOA,ZAíèBO,,,,,,,ZAíèBO,Cote d`Ivoire,DISTRICT DE SASSANDRA-MARAHOUE,HAUT-SASSANDRA,DALOA,GONATE,,,,,,,GONATE,Cote d`Ivoire,DISTRICT DE SASSANDRA-MARAHOUE,HAUT-SASSANDRA,DALOA,Bediala,,,,,,,Bediala9307,Cote d`Ivoire,DISTRICT DE SASSANDRA-MARAHOUE,HAUT-SASSANDRA,DALOA,Bediala,Bediala,,,,,,Bediala,Cote d`Ivoire,DISTRICT DE SASSANDRA-MARAHOUE,HAUT-SASSANDRA,DALOA,Daloa,,,,,,,Daloa9308,Cote d`Ivoire,DISTRICT DE SASSANDRA-MARAHOUE,HAUT-SASSANDRA,DALOA,Daloa,Daloa,,,,,,Daloa,Cote d`Ivoire,DISTRICT DE SASSANDRA-MARAHOUE,HAUT-SASSANDRA,DALOA,Gboguhe,,,,,,,Gboguhe9309,Cote d`Ivoire,DISTRICT DE SASSANDRA-MARAHOUE,HAUT-SASSANDRA,DALOA,Gboguhe,Gboguhe,,,,,,Gboguhe9304,Cote d`Ivoire,DISTRICT DE SASSANDRA-MARAHOUE,HAUT-SASSANDRA,ISSIA,,,,,,,,ISSIA,Cote d`Ivoire,DISTRICT DE SASSANDRA-MARAHOUE,HAUT-SASSANDRA,ISSIA,BOGUEDIA,,,,,,,BOGUEDIA,Cote d`Ivoire,DISTRICT DE SASSANDRA-MARAHOUE,HAUT-SASSANDRA,ISSIA,IBOGUHE,,,,,,,IBOGUHE,Cote d`Ivoire,DISTRICT DE SASSANDRA-MARAHOUE,HAUT-SASSANDRA,ISSIA,NAHIO,,,,,,,NAHIO,Cote d`Ivoire,DISTRICT DE SASSANDRA-MARAHOUE,HAUT-SASSANDRA,ISSIA,NAMANE,,,,,,,NAMANE,Cote d`Ivoire,DISTRICT DE SASSANDRA-MARAHOUE,HAUT-SASSANDRA,ISSIA,Issia,,,,,,,Issia9310,Cote d`Ivoire,DISTRICT DE SASSANDRA-MARAHOUE,HAUT-SASSANDRA,ISSIA,Issia,Issia,,,,,,Issia,Cote d`Ivoire,DISTRICT DE SASSANDRA-MARAHOUE,HAUT-SASSANDRA,ISSIA,Saioua,,,,,,,Saioua9311,Cote d`Ivoire,DISTRICT DE SASSANDRA-MARAHOUE,HAUT-SASSANDRA,ISSIA,Saioua,Saioua,,,,,,Saioua9305,Cote d`Ivoire,DISTRICT DE SASSANDRA-MARAHOUE,HAUT-SASSANDRA,VAVOUA,,,,,,,,VAVOUA,Cote d`Ivoire,DISTRICT DE SASSANDRA-MARAHOUE,HAUT-SASSANDRA,VAVOUA,DANIA,,,,,,,DANIA,Cote d`Ivoire,DISTRICT DE SASSANDRA-MARAHOUE,HAUT-SASSANDRA,VAVOUA,SEITEFLA,,,,,,,SEITEFLA,Cote d`Ivoire,DISTRICT DE SASSANDRA-MARAHOUE,HAUT-SASSANDRA,VAVOUA,Vavoua,,,,,,,Vavoua9312,Cote d`Ivoire,DISTRICT DE SASSANDRA-MARAHOUE,HAUT-SASSANDRA,VAVOUA,Vavoua,Vavoua,,,,,,Vavoua9306,Cote d`Ivoire,DISTRICT DE SASSANDRA-MARAHOUE,HAUT-SASSANDRA,ZOUKOUGBEU,,,,,,,,ZOUKOUGBEU,Cote d`Ivoire,DISTRICT DE SASSANDRA-MARAHOUE,HAUT-SASSANDRA,ZOUKOUGBEU,GREGBEU,,,,,,,GREGBEU,Cote d`Ivoire,DISTRICT DE SASSANDRA-MARAHOUE,HAUT-SASSANDRA,ZOUKOUGBEU,GUESSABO,,,,,,,GUESSABO,Cote d`Ivoire,DISTRICT DE SASSANDRA-MARAHOUE,HAUT-SASSANDRA,ZOUKOUGBEU,Zoukougbeu,,,,,,,Zoukougbeu9313,Cote d`Ivoire,DISTRICT DE SASSANDRA-MARAHOUE,HAUT-SASSANDRA,ZOUKOUGBEU,Zoukougbeu,Zoukougbeu,,,,,,Zoukougbeu9302,Cote d`Ivoire,DISTRICT DE SASSANDRA-MARAHOUE,MARAHOUE,,,,,,,,,MARAHOUE9314,Cote d`Ivoire,DISTRICT DE SASSANDRA-MARAHOUE,MARAHOUE,BOUAFLE,,,,,,,,BOUAFLE,Cote d`Ivoire,DISTRICT DE SASSANDRA-MARAHOUE,MARAHOUE,BOUAFLE,ZAGUIETA,,,,,,,ZAGUIETA,Cote d`Ivoire,DISTRICT DE SASSANDRA-MARAHOUE,MARAHOUE,BOUAFLE,PAKOUABO,,,,,,,PAKOUABO,Cote d`Ivoire,DISTRICT DE SASSANDRA-MARAHOUE,MARAHOUE,BOUAFLE,TIBEITA,,,,,,,TIBEITA,Cote d`Ivoire,DISTRICT DE SASSANDRA-MARAHOUE,MARAHOUE,BOUAFLE,Bonon,,,,,,,Bonon9317,Cote d`Ivoire,DISTRICT DE SASSANDRA-MARAHOUE,MARAHOUE,BOUAFLE,Bonon,Bonon,,,,,,Bonon,Cote d`Ivoire,DISTRICT DE SASSANDRA-MARAHOUE,MARAHOUE,BOUAFLE,Bouafle,,,,,,,Bouafle9318,Cote d`Ivoire,DISTRICT DE SASSANDRA-MARAHOUE,MARAHOUE,BOUAFLE,Bouafle,Bouafle,,,,,,Bouafle9315,Cote d`Ivoire,DISTRICT DE SASSANDRA-MARAHOUE,MARAHOUE,SINFRA,,,,,,,,SINFRA,Cote d`Ivoire,DISTRICT DE SASSANDRA-MARAHOUE,MARAHOUE,SINFRA,BAZRE,,,,,,,BAZRE,Cote d`Ivoire,DISTRICT DE SASSANDRA-MARAHOUE,MARAHOUE,SINFRA,KONONFLA,,,,,,,KONONFLA,Cote d`Ivoire,DISTRICT DE SASSANDRA-MARAHOUE,MARAHOUE,SINFRA,KOUETINFLA,,,,,,,KOUETINFLA,Cote d`Ivoire,DISTRICT DE SASSANDRA-MARAHOUE,MARAHOUE,SINFRA,Sinfra,,,,,,,Sinfra9319,Cote d`Ivoire,DISTRICT DE SASSANDRA-MARAHOUE,MARAHOUE,SINFRA,Sinfra,Sinfra,,,,,,Sinfra9316,Cote d`Ivoire,DISTRICT DE SASSANDRA-MARAHOUE,MARAHOUE,ZUENOULA,,,,,,,,ZUENOULA,Cote d`Ivoire,DISTRICT DE SASSANDRA-MARAHOUE,MARAHOUE,ZUENOULA,VOUEBOUFLA,,,,,,,VOUEBOUFLA,Cote d`Ivoire,DISTRICT DE SASSANDRA-MARAHOUE,MARAHOUE,ZUENOULA,MAMINIGUI,,,,,,,MAMINIGUI,Cote d`Ivoire,DISTRICT DE SASSANDRA-MARAHOUE,MARAHOUE,ZUENOULA,Gohitafla,,,,,,,Gohitafla9320,Cote d`Ivoire,DISTRICT DE SASSANDRA-MARAHOUE,MARAHOUE,ZUENOULA,Gohitafla,Gohitafla,,,,,,Gohitafla,Cote d`Ivoire,DISTRICT DE SASSANDRA-MARAHOUE,MARAHOUE,ZUENOULA,Zuenoula,,,,,,,Zuenoula9321,Cote d`Ivoire,DISTRICT DE SASSANDRA-MARAHOUE,MARAHOUE,ZUENOULA,Zuenoula,Zuenoula,,,,,,Zuenoula9200,Cote d`Ivoire,DISTRICT DES LACS,,,,,,,,,,DISTRICT DES LACS9201,Cote d`Ivoire,DISTRICT DES LACS,BELIER,,,,,,,,,BELIER9205,Cote d`Ivoire,DISTRICT DES LACS,BELIER,DIDIEVI,,,,,,,,DIDIEVI,Cote d`Ivoire,DISTRICT DES LACS,BELIER,DIDIEVI,MOLONOU-BLE,,,,,,,MOLONOU-BLE,Cote d`Ivoire,DISTRICT DES LACS,BELIER,DIDIEVI,BOLI,,,,,,,BOLI,Cote d`Ivoire,DISTRICT DES LACS,BELIER,DIDIEVI,RAVIART,,,,,,,RAVIART,Cote d`Ivoire,DISTRICT DES LACS,BELIER,DIDIEVI,Didievi,,,,,,,Didievi9209,Cote d`Ivoire,DISTRICT DES LACS,BELIER,DIDIEVI,Didievi,Didievi,,,,,,Didievi,Cote d`Ivoire,DISTRICT DES LACS,BELIER,DIDIEVI,Tie-N'Diekro,,,,,,,Tie-N'Diekro9210,Cote d`Ivoire,DISTRICT DES LACS,BELIER,DIDIEVI,Tie-N'Diekro,Tie-N'Diekro,,,,,,Tie-N'Diekro9206,Cote d`Ivoire,DISTRICT DES LACS,BELIER,DJEKANOU,,,,,,,,DJEKANOU,Cote d`Ivoire,DISTRICT DES LACS,BELIER,DJEKANOU,Bonikro,,,,,,,Bonikro,Cote d`Ivoire,DISTRICT DES LACS,BELIER,DJEKANOU,Djekanou,,,,,,,Djekanou9211,Cote d`Ivoire,DISTRICT DES LACS,BELIER,DJEKANOU,Djekanou,Djekanou,,,,,,Djekanou9207,Cote d`Ivoire,DISTRICT DES LACS,BELIER,TIEBISSOU,,,,,,,,TIEBISSOU,Cote d`Ivoire,DISTRICT DES LACS,BELIER,TIEBISSOU,LOMOKANKRO,,,,,,,LOMOKANKRO,Cote d`Ivoire,DISTRICT DES LACS,BELIER,TIEBISSOU,YAKPABO-SAKASSOU,,,,,,,YAKPABO-SAKASSOU,Cote d`Ivoire,DISTRICT DES LACS,BELIER,TIEBISSOU,MOLONOU,,,,,,,MOLONOU,Cote d`Ivoire,DISTRICT DES LACS,BELIER,TIEBISSOU,Tiebissou,,,,,,,Tiebissou9212,Cote d`Ivoire,DISTRICT DES LACS,BELIER,TIEBISSOU,Tiebissou,Tiebissou,,,,,,Tiebissou9208,Cote d`Ivoire,DISTRICT DES LACS,BELIER,TOUMODI,,,,,,,,TOUMODI,Cote d`Ivoire,DISTRICT DES LACS,BELIER,TOUMODI,ANGODA,,,,,,,ANGODA,Cote d`Ivoire,DISTRICT DES LACS,BELIER,TOUMODI,KPOUEBO,,,,,,,KPOUEBO,Cote d`Ivoire,DISTRICT DES LACS,BELIER,TOUMODI,Kokoumbo,,,,,,,Kokoumbo9213,Cote d`Ivoire,DISTRICT DES LACS,BELIER,TOUMODI,Kokoumbo,Kokoumbo,,,,,,Kokoumbo,Cote d`Ivoire,DISTRICT DES LACS,BELIER,TOUMODI,Toumodi,,,,,,,Toumodi9214,Cote d`Ivoire,DISTRICT DES LACS,BELIER,TOUMODI,Toumodi,Toumodi,,,,,,Toumodi9202,Cote d`Ivoire,DISTRICT DES LACS,IFFOU,,,,,,,,,IFFOU9215,Cote d`Ivoire,DISTRICT DES LACS,IFFOU,DAOUKRO,,,,,,,,DAOUKRO,Cote d`Ivoire,DISTRICT DES LACS,IFFOU,DAOUKRO,Ananda,,,,,,,Ananda,Cote d`Ivoire,DISTRICT DES LACS,IFFOU,DAOUKRO,Daoukro,,,,,,,Daoukro9218,Cote d`Ivoire,DISTRICT DES LACS,IFFOU,DAOUKRO,Daoukro,Daoukro,,,,,,Daoukro,Cote d`Ivoire,DISTRICT DES LACS,IFFOU,DAOUKRO,Ettrokro,,,,,,,Ettrokro9219,Cote d`Ivoire,DISTRICT DES LACS,IFFOU,DAOUKRO,Ettrokro,Ettrokro,,,,,,Ettrokro,Cote d`Ivoire,DISTRICT DES LACS,IFFOU,DAOUKRO,Ouelle,,,,,,,Ouelle9220,Cote d`Ivoire,DISTRICT DES LACS,IFFOU,DAOUKRO,Ouelle,Ouelle,,,,,,Ouelle9216,Cote d`Ivoire,DISTRICT DES LACS,IFFOU,M'BAHIAKRO,,,,,,,,M'BAHIAKRO,Cote d`Ivoire,DISTRICT DES LACS,IFFOU,M'BAHIAKRO,BONGUERA,,,,,,,BONGUERA,Cote d`Ivoire,DISTRICT DES LACS,IFFOU,M'BAHIAKRO,M'Bahiakro,,,,,,,M'Bahiakro9221,Cote d`Ivoire,DISTRICT DES LACS,IFFOU,M'BAHIAKRO,M'Bahiakro,M'Bahiakro,,,,,,M'Bahiakro9217,Cote d`Ivoire,DISTRICT DES LACS,IFFOU,PRIKRO,,,,,,,,PRIKRO,Cote d`Ivoire,DISTRICT DES LACS,IFFOU,PRIKRO,FAMIENKRO,,,,,,,FAMIENKRO,Cote d`Ivoire,DISTRICT DES LACS,IFFOU,PRIKRO,KOFFI-AMONKRO,,,,,,,KOFFI-AMONKRO,Cote d`Ivoire,DISTRICT DES LACS,IFFOU,PRIKRO,NAFANA,,,,,,,NAFANA,Cote d`Ivoire,DISTRICT DES LACS,IFFOU,PRIKRO,Prikro,,,,,,,Prikro9222,Cote d`Ivoire,DISTRICT DES LACS,IFFOU,PRIKRO,Prikro,Prikro,,,,,,Prikro9203,Cote d`Ivoire,DISTRICT DES LACS,MORONOU,,,,,,,,,MORONOU9223,Cote d`Ivoire,DISTRICT DES LACS,MORONOU,ARRAH,,,,,,,,ARRAH,Cote d`Ivoire,DISTRICT DES LACS,MORONOU,ARRAH,KREGBE,,,,,,,KREGBE,Cote d`Ivoire,DISTRICT DES LACS,MORONOU,ARRAH,KOTOBI,,,,,,,KOTOBI,Cote d`Ivoire,DISTRICT DES LACS,MORONOU,ARRAH,Arrah,,,,,,,Arrah9226,Cote d`Ivoire,DISTRICT DES LACS,MORONOU,ARRAH,Arrah,Arrah,,,,,,Arrah9224,Cote d`Ivoire,DISTRICT DES LACS,MORONOU,BONGOUANOU,,,,,,,,BONGOUANOU,Cote d`Ivoire,DISTRICT DES LACS,MORONOU,BONGOUANOU,ANDE,,,,,,,ANDE,Cote d`Ivoire,DISTRICT DES LACS,MORONOU,BONGOUANOU,N'GUESSANKRO,,,,,,,N'GUESSANKRO,Cote d`Ivoire,DISTRICT DES LACS,MORONOU,BONGOUANOU,ASSIE-KOUMASSI,,,,,,,ASSIE-KOUMASSI,Cote d`Ivoire,DISTRICT DES LACS,MORONOU,BONGOUANOU,Bongouanou,,,,,,,Bongouanou9227,Cote d`Ivoire,DISTRICT DES LACS,MORONOU,BONGOUANOU,Bongouanou,Bongouanou,,,,,,Bongouanou9225,Cote d`Ivoire,DISTRICT DES LACS,MORONOU,M'BATTO,,,,,,,,M'BATTO,Cote d`Ivoire,DISTRICT DES LACS,MORONOU,M'BATTO,ASSAHARA,,,,,,,ASSAHARA,Cote d`Ivoire,DISTRICT DES LACS,MORONOU,M'BATTO,Anoumaba,,,,,,,Anoumaba9228,Cote d`Ivoire,DISTRICT DES LACS,MORONOU,M'BATTO,Anoumaba,Anoumaba,,,,,,Anoumaba,Cote d`Ivoire,DISTRICT DES LACS,MORONOU,M'BATTO,M'Batto,,,,,,,M'Batto9229,Cote d`Ivoire,DISTRICT DES LACS,MORONOU,M'BATTO,M'Batto,M'Batto,,,,,,M'Batto,Cote d`Ivoire,DISTRICT DES LACS,MORONOU,M'BATTO,Tiemelekro,,,,,,,Tiemelekro9230,Cote d`Ivoire,DISTRICT DES LACS,MORONOU,M'BATTO,Tiemelekro,Tiemelekro,,,,,,Tiemelekro9204,Cote d`Ivoire,DISTRICT DES LACS,N'ZI,,,,,,,,,N'ZI9231,Cote d`Ivoire,DISTRICT DES LACS,N'ZI,BOCANDA,,,,,,,,BOCANDA,Cote d`Ivoire,DISTRICT DES LACS,N'ZI,BOCANDA,KOUADIOBLEKRO,,,,,,,KOUADIOBLEKRO,Cote d`Ivoire,DISTRICT DES LACS,N'ZI,BOCANDA,BEGANSSOU,,,,,,,BEGANSSOU,Cote d`Ivoire,DISTRICT DES LACS,N'ZI,BOCANDA,N'ZECREZESSOU,,,,,,,N'ZECREZESSOU,Cote d`Ivoire,DISTRICT DES LACS,N'ZI,BOCANDA,Bocanda,,,,,,,Bocanda9234,Cote d`Ivoire,DISTRICT DES LACS,N'ZI,BOCANDA,Bocanda,Bocanda,,,,,,Bocanda9232,Cote d`Ivoire,DISTRICT DES LACS,N'ZI,DIMBOKRO,,,,,,,,DIMBOKRO,Cote d`Ivoire,DISTRICT DES LACS,N'ZI,DIMBOKRO,NOFOU,,,,,,,NOFOU,Cote d`Ivoire,DISTRICT DES LACS,N'ZI,DIMBOKRO,ABIGUI,,,,,,,ABIGUI,Cote d`Ivoire,DISTRICT DES LACS,N'ZI,DIMBOKRO,Dimbokro,,,,,,,Dimbokro9235,Cote d`Ivoire,DISTRICT DES LACS,N'ZI,DIMBOKRO,Dimbokro,Dimbokro,,,,,,Dimbokro9233,Cote d`Ivoire,DISTRICT DES LACS,N'ZI,KOUASSI-KOUASSIKRO,,,,,,,,KOUASSI-KOUASSIKRO,Cote d`Ivoire,DISTRICT DES LACS,N'ZI,KOUASSI-KOUASSIKRO,MEKRO,,,,,,,MEKRO,Cote d`Ivoire,DISTRICT DES LACS,N'ZI,KOUASSI-KOUASSIKRO,Kouassi-Kouassikro,,,,,,,Kouassi-Kouassikro9236,Cote d`Ivoire,DISTRICT DES LACS,N'ZI,KOUASSI-KOUASSIKRO,Kouassi-Kouassikro,Kouassi-Kouassikro,,,,,,Kouassi-Kouassikro9237,Cote d`Ivoire,DISTRICT DES LAGUNES,,,,,,,,,,DISTRICT DES LAGUNES9238,Cote d`Ivoire,DISTRICT DES LAGUNES,AGNEBY-TIASSA,,,,,,,,,AGNEBY-TIASSA9241,Cote d`Ivoire,DISTRICT DES LAGUNES,AGNEBY-TIASSA,AGBOVILLE,,,,,,,,AGBOVILLE,Cote d`Ivoire,DISTRICT DES LAGUNES,AGNEBY-TIASSA,AGBOVILLE,Cechi,,,,,,,Cechi,Cote d`Ivoire,DISTRICT DES LAGUNES,AGNEBY-TIASSA,AGBOVILLE,Grand-Morie,,,,,,,Grand-Morie,Cote d`Ivoire,DISTRICT DES LAGUNES,AGNEBY-TIASSA,AGBOVILLE,Oress-Krobou,,,,,,,Oress-Krobou,Cote d`Ivoire,DISTRICT DES LAGUNES,AGNEBY-TIASSA,AGBOVILLE,Loviguie,,,,,,,Loviguie,Cote d`Ivoire,DISTRICT DES LAGUNES,AGNEBY-TIASSA,AGBOVILLE,Guessiguie,,,,,,,Guessiguie,Cote d`Ivoire,DISTRICT DES LAGUNES,AGNEBY-TIASSA,AGBOVILLE,AGBOVILLE,,,,,,,AGBOVILLE9245,Cote d`Ivoire,DISTRICT DES LAGUNES,AGNEBY-TIASSA,AGBOVILLE,AGBOVILLE,Agboville,,,,,,Agboville9246,Cote d`Ivoire,DISTRICT DES LAGUNES,AGNEBY-TIASSA,AGBOVILLE,Azaguie,Azaguie,,,,,,Azaguie9247,Cote d`Ivoire,DISTRICT DES LAGUNES,AGNEBY-TIASSA,AGBOVILLE,Rubino,Rubino,,,,,,Rubino9242,Cote d`Ivoire,DISTRICT DES LAGUNES,AGNEBY-TIASSA,SIKENSI,,,,,,,,SIKENSI,Cote d`Ivoire,DISTRICT DES LAGUNES,AGNEBY-TIASSA,SIKENSI,Gomon,,,,,,,Gomon,Cote d`Ivoire,DISTRICT DES LAGUNES,AGNEBY-TIASSA,SIKENSI,Sikensi,,,,,,,Sikensi9248,Cote d`Ivoire,DISTRICT DES LAGUNES,AGNEBY-TIASSA,SIKENSI,Sikensi,Sikensi,,,,,,Sikensi9243,Cote d`Ivoire,DISTRICT DES LAGUNES,AGNEBY-TIASSA,TAABO,,,,,,,,TAABO,Cote d`Ivoire,DISTRICT DES LAGUNES,AGNEBY-TIASSA,TAABO,Pacobo,,,,,,,Pacobo,Cote d`Ivoire,DISTRICT DES LAGUNES,AGNEBY-TIASSA,TAABO,Taabo,,,,,,,Taabo9249,Cote d`Ivoire,DISTRICT DES LAGUNES,AGNEBY-TIASSA,TAABO,Taabo,Taabo,,,,,,Taabo9244,Cote d`Ivoire,DISTRICT DES LAGUNES,AGNEBY-TIASSA,TIASSALE,,,,,,,,TIASSALE,Cote d`Ivoire,DISTRICT DES LAGUNES,AGNEBY-TIASSA,TIASSALE,N'DOUCI,,,,,,,N'DOUCI,Cote d`Ivoire,DISTRICT DES LAGUNES,AGNEBY-TIASSA,TIASSALE,GBOLOUVILLE,,,,,,,GBOLOUVILLE,Cote d`Ivoire,DISTRICT DES LAGUNES,AGNEBY-TIASSA,TIASSALE,MOROKRO,,,,,,,MOROKRO,Cote d`Ivoire,DISTRICT DES LAGUNES,AGNEBY-TIASSA,TIASSALE,Tiassale,,,,,,,Tiassale9250,Cote d`Ivoire,DISTRICT DES LAGUNES,AGNEBY-TIASSA,TIASSALE,Tiassale,Tiassale,,,,,,Tiassale9239,Cote d`Ivoire,DISTRICT DES LAGUNES,GRANDS PONTS,,,,,,,,,GRANDS PONTS9251,Cote d`Ivoire,DISTRICT DES LAGUNES,GRANDS PONTS,DABOU,,,,,,,,DABOU,Cote d`Ivoire,DISTRICT DES LAGUNES,GRANDS PONTS,DABOU,TOUPAH,,,,,,,TOUPAH,Cote d`Ivoire,DISTRICT DES LAGUNES,GRANDS PONTS,DABOU,LOPOU,,,,,,,LOPOU,Cote d`Ivoire,DISTRICT DES LAGUNES,GRANDS PONTS,DABOU,Dabou,,,,,,,Dabou9254,Cote d`Ivoire,DISTRICT DES LAGUNES,GRANDS PONTS,DABOU,Dabou,Dahou,,,,,,Dahou9252,Cote d`Ivoire,DISTRICT DES LAGUNES,GRANDS PONTS,GRAND-LAHOU,,,,,,,,GRAND-LAHOU,Cote d`Ivoire,DISTRICT DES LAGUNES,GRANDS PONTS,GRAND-LAHOU,AHOUANOU,,,,,,,AHOUANOU,Cote d`Ivoire,DISTRICT DES LAGUNES,GRANDS PONTS,GRAND-LAHOU,EBOUNOU,,,,,,,EBOUNOU,Cote d`Ivoire,DISTRICT DES LAGUNES,GRANDS PONTS,GRAND-LAHOU,BACANDA,,,,,,,BACANDA,Cote d`Ivoire,DISTRICT DES LAGUNES,GRANDS PONTS,GRAND-LAHOU,Grand-Lahou,,,,,,,Grand-Lahou9255,Cote d`Ivoire,DISTRICT DES LAGUNES,GRANDS PONTS,GRAND-LAHOU,Grand-Lahou,Grand-Lahou,,,,,,Grand-Lahou9253,Cote d`Ivoire,DISTRICT DES LAGUNES,GRANDS PONTS,JACQUEVILLE,,,,,,,,JACQUEVILLE,Cote d`Ivoire,DISTRICT DES LAGUNES,GRANDS PONTS,JACQUEVILLE,ATTOUTOU,,,,,,,ATTOUTOU,Cote d`Ivoire,DISTRICT DES LAGUNES,GRANDS PONTS,JACQUEVILLE,Jacqueville,,,,,,,Jacqueville9256,Cote d`Ivoire,DISTRICT DES LAGUNES,GRANDS PONTS,JACQUEVILLE,Jacqueville,Jacqueville,,,,,,Jacqueville9240,Cote d`Ivoire,DISTRICT DES LAGUNES,LA ME,,,,,,,,,LA ME9257,Cote d`Ivoire,DISTRICT DES LAGUNES,LA ME,ADZOPE,,,,,,,,ADZOPE,Cote d`Ivoire,DISTRICT DES LAGUNES,LA ME,ADZOPE,ASSIKOI,,,,,,,ASSIKOI,Cote d`Ivoire,DISTRICT DES LAGUNES,LA ME,ADZOPE,ANNEPE,,,,,,,ANNEPE,Cote d`Ivoire,DISTRICT DES LAGUNES,LA ME,ADZOPE,BECEDI-BRIGNAN,,,,,,,BECEDI-BRIGNAN,Cote d`Ivoire,DISTRICT DES LAGUNES,LA ME,ADZOPE,YAKASSE-ME,,,,,,,YAKASSE-ME,Cote d`Ivoire,DISTRICT DES LAGUNES,LA ME,ADZOPE,Adzope,,,,,,,Adzope9261,Cote d`Ivoire,DISTRICT DES LAGUNES,LA ME,ADZOPE,Adzope,Adzope,,,,,,Adzope,Cote d`Ivoire,DISTRICT DES LAGUNES,LA ME,ADZOPE,Agou,,,,,,,Agou9262,Cote d`Ivoire,DISTRICT DES LAGUNES,LA ME,ADZOPE,Agou,Agou,,,,,,Agou9258,Cote d`Ivoire,DISTRICT DES LAGUNES,LA ME,AKOUPE,,,,,,,,AKOUPE,Cote d`Ivoire,DISTRICT DES LAGUNES,LA ME,AKOUPE,BECOUEFIN,,,,,,,BECOUEFIN,Cote d`Ivoire,DISTRICT DES LAGUNES,LA ME,AKOUPE,Affery,,,,,,,Affery9263,Cote d`Ivoire,DISTRICT DES LAGUNES,LA ME,AKOUPE,Affery,Affery,,,,,,Affery,Cote d`Ivoire,DISTRICT DES LAGUNES,LA ME,AKOUPE,Akoupe,,,,,,,Akoupe9264,Cote d`Ivoire,DISTRICT DES LAGUNES,LA ME,AKOUPE,Akoupe,Akoupe,,,,,,Akoupe9259,Cote d`Ivoire,DISTRICT DES LAGUNES,LA ME,ALEPE,,,,,,,,ALEPE,Cote d`Ivoire,DISTRICT DES LAGUNES,LA ME,ALEPE,OGHLWALPO,,,,,,,OGHLWALPO,Cote d`Ivoire,DISTRICT DES LAGUNES,LA ME,ALEPE,ABOISSO-COMOE,,,,,,,ABOISSO-COMOE,Cote d`Ivoire,DISTRICT DES LAGUNES,LA ME,ALEPE,DANGUIRA,,,,,,,DANGUIRA,Cote d`Ivoire,DISTRICT DES LAGUNES,LA ME,ALEPE,ALLOSSO,,,,,,,ALLOSSO,Cote d`Ivoire,DISTRICT DES LAGUNES,LA ME,ALEPE,Alepe,,,,,,,Alepe9265,Cote d`Ivoire,DISTRICT DES LAGUNES,LA ME,ALEPE,Alepe,Alepe,,,,,,Alepe9260,Cote d`Ivoire,DISTRICT DES LAGUNES,LA ME,YAKASSE-ATTOBROU,,,,,,,,YAKASSE-ATTOBROU,Cote d`Ivoire,DISTRICT DES LAGUNES,LA ME,YAKASSE-ATTOBROU,ABONGOUA,,,,,,,ABONGOUA,Cote d`Ivoire,DISTRICT DES LAGUNES,LA ME,YAKASSE-ATTOBROU,BIEBY,,,,,,,BIEBY,Cote d`Ivoire,DISTRICT DES LAGUNES,LA ME,YAKASSE-ATTOBROU,Yakasse-Attobrou,,,,,,,Yakasse-Attobrou9266,Cote d`Ivoire,DISTRICT DES LAGUNES,LA ME,YAKASSE-ATTOBROU,Yakasse-Attobrou,Yakasse-Attobrou,,,,,,Yakasse-Attobrou9267,Cote d`Ivoire,DISTRICT DES MONTAGNES,,,,,,,,,,DISTRICT DES MONTAGNES9268,Cote d`Ivoire,DISTRICT DES MONTAGNES,CAVALLY,,,,,,,,,CAVALLY9271,Cote d`Ivoire,DISTRICT DES MONTAGNES,CAVALLY,BLOLEQUIN,,,,,,,,BLOLEQUIN,Cote d`Ivoire,DISTRICT DES MONTAGNES,CAVALLY,BLOLEQUIN,ZEAGLO,,,,,,,ZEAGLO,Cote d`Ivoire,DISTRICT DES MONTAGNES,CAVALLY,BLOLEQUIN,DOKE,,,,,,,DOKE,Cote d`Ivoire,DISTRICT DES MONTAGNES,CAVALLY,BLOLEQUIN,BLOLEQUIN,,,,,,,BLOLEQUIN9274,Cote d`Ivoire,DISTRICT DES MONTAGNES,CAVALLY,BLOLEQUIN,BLOLEQUIN,Blolequin,,,,,,Blolequin9272,Cote d`Ivoire,DISTRICT DES MONTAGNES,CAVALLY,GUIGLO,,,,,,,,GUIGLO,Cote d`Ivoire,DISTRICT DES MONTAGNES,CAVALLY,GUIGLO,Kaande,,,,,,,Kaande,Cote d`Ivoire,DISTRICT DES MONTAGNES,CAVALLY,GUIGLO,Guiglo,,,,,,,Guiglo9276,Cote d`Ivoire,DISTRICT DES MONTAGNES,CAVALLY,GUIGLO,Guiglo,Guiglo,,,,,,Guiglo9277,Cote d`Ivoire,DISTRICT DES MONTAGNES,CAVALLY,GUIGLO,,Tai,,,,,,Tai9273,Cote d`Ivoire,DISTRICT DES MONTAGNES,CAVALLY,TOULEPLEU,,,,,,,,TOULEPLEU,Cote d`Ivoire,DISTRICT DES MONTAGNES,CAVALLY,TOULEPLEU,MEO,,,,,,,MEO,Cote d`Ivoire,DISTRICT DES MONTAGNES,CAVALLY,TOULEPLEU,PEHE,,,,,,,PEHE,Cote d`Ivoire,DISTRICT DES MONTAGNES,CAVALLY,TOULEPLEU,TIOBLY,,,,,,,TIOBLY,Cote d`Ivoire,DISTRICT DES MONTAGNES,CAVALLY,TOULEPLEU,BAKOUBLY,,,,,,,BAKOUBLY,Cote d`Ivoire,DISTRICT DES MONTAGNES,CAVALLY,TOULEPLEU,Toulepleu,,,,,,,Toulepleu9275,Cote d`Ivoire,DISTRICT DES MONTAGNES,CAVALLY,TOULEPLEU,Toulepleu,Toulepleu,,,,,,Toulepleu9269,Cote d`Ivoire,DISTRICT DES MONTAGNES,GUEMON,,,,,,,,,GUEMON9278,Cote d`Ivoire,DISTRICT DES MONTAGNES,GUEMON,BANGOLO,,,,,,,,BANGOLO,Cote d`Ivoire,DISTRICT DES MONTAGNES,GUEMON,BANGOLO,BLENIMEOUIN,,,,,,,BLENIMEOUIN,Cote d`Ivoire,DISTRICT DES MONTAGNES,GUEMON,BANGOLO,GUINGLO-TAHOUAKE,,,,,,,GUINGLO-TAHOUAKE,Cote d`Ivoire,DISTRICT DES MONTAGNES,GUEMON,BANGOLO,GOHOUO-ZAGNA,,,,,,,GOHOUO-ZAGNA,Cote d`Ivoire,DISTRICT DES MONTAGNES,GUEMON,BANGOLO,DIEOUZON,,,,,,,DIEOUZON,Cote d`Ivoire,DISTRICT DES MONTAGNES,GUEMON,BANGOLO,ZOU,,,,,,,ZOU,Cote d`Ivoire,DISTRICT DES MONTAGNES,GUEMON,BANGOLO,ZEO,,,,,,,ZEO,Cote d`Ivoire,DISTRICT DES MONTAGNES,GUEMON,BANGOLO,Bangolo,,,,,,,Bangolo9282,Cote d`Ivoire,DISTRICT DES MONTAGNES,GUEMON,BANGOLO,Bangolo,Bangolo,,,,,,Bangolo9279,Cote d`Ivoire,DISTRICT DES MONTAGNES,GUEMON,DUEKOUE,,,,,,,,DUEKOUE,Cote d`Ivoire,DISTRICT DES MONTAGNES,GUEMON,DUEKOUE,GBAPLEU,,,,,,,GBAPLEU,Cote d`Ivoire,DISTRICT DES MONTAGNES,GUEMON,DUEKOUE,BAGOHOUO,,,,,,,BAGOHOUO,Cote d`Ivoire,DISTRICT DES MONTAGNES,GUEMON,DUEKOUE,GUEHIEBLY,,,,,,,GUEHIEBLY,Cote d`Ivoire,DISTRICT DES MONTAGNES,GUEMON,DUEKOUE,GUEZON,,,,,,,GUEZON,Cote d`Ivoire,DISTRICT DES MONTAGNES,GUEMON,DUEKOUE,Duekoue,,,,,,,Duekoue9283,Cote d`Ivoire,DISTRICT DES MONTAGNES,GUEMON,DUEKOUE,Duekoue,Duekoue,,,,,,Duekoue9280,Cote d`Ivoire,DISTRICT DES MONTAGNES,GUEMON,FACOBLY,,,,,,,,FACOBLY,Cote d`Ivoire,DISTRICT DES MONTAGNES,GUEMON,FACOBLY,SEMIEN,,,,,,,SEMIEN,Cote d`Ivoire,DISTRICT DES MONTAGNES,GUEMON,FACOBLY,GUEZON,,,,,,,GUEZON,Cote d`Ivoire,DISTRICT DES MONTAGNES,GUEMON,FACOBLY,TIENY-SIABLY,,,,,,,TIENY-SIABLY,Cote d`Ivoire,DISTRICT DES MONTAGNES,GUEMON,FACOBLY,Facobly,,,,,,,Facobly9284,Cote d`Ivoire,DISTRICT DES MONTAGNES,GUEMON,FACOBLY,Facobly,Facobly,,,,,,Facobly9281,Cote d`Ivoire,DISTRICT DES MONTAGNES,GUEMON,KOUIBLY,,,,,,,,KOUIBLY,Cote d`Ivoire,DISTRICT DES MONTAGNES,GUEMON,KOUIBLY,NIDROU,,,,,,,NIDROU,Cote d`Ivoire,DISTRICT DES MONTAGNES,GUEMON,KOUIBLY,TOTRODOU,,,,,,,TOTRODOU,Cote d`Ivoire,DISTRICT DES MONTAGNES,GUEMON,KOUIBLY,OUYABLY-GNANDROU,,,,,,,OUYABLY-GNANDROU,Cote d`Ivoire,DISTRICT DES MONTAGNES,GUEMON,KOUIBLY,Kouibly,,,,,,,Kouibly9285,Cote d`Ivoire,DISTRICT DES MONTAGNES,GUEMON,KOUIBLY,Kouibly,Kouibly,,,,,,Kouibly9270,Cote d`Ivoire,DISTRICT DES MONTAGNES,TONKPI,,,,,,,,,TONKPI9286,Cote d`Ivoire,DISTRICT DES MONTAGNES,TONKPI,BIANKOUMA,,,,,,,,BIANKOUMA,Cote d`Ivoire,DISTRICT DES MONTAGNES,TONKPI,BIANKOUMA,GBANGBEGOUINE,,,,,,,GBANGBEGOUINE,Cote d`Ivoire,DISTRICT DES MONTAGNES,TONKPI,BIANKOUMA,KPATA,,,,,,,KPATA,Cote d`Ivoire,DISTRICT DES MONTAGNES,TONKPI,BIANKOUMA,BLAPLEU,,,,,,,BLAPLEU,Cote d`Ivoire,DISTRICT DES MONTAGNES,TONKPI,BIANKOUMA,SANTA,,,,,,,SANTA,Cote d`Ivoire,DISTRICT DES MONTAGNES,TONKPI,BIANKOUMA,GOUINE,,,,,,,GOUINE,Cote d`Ivoire,DISTRICT DES MONTAGNES,TONKPI,BIANKOUMA,Biankouma,,,,,,,Biankouma9291,Cote d`Ivoire,DISTRICT DES MONTAGNES,TONKPI,BIANKOUMA,Biankouma,Biankouma,,,,,,Biankouma,Cote d`Ivoire,DISTRICT DES MONTAGNES,TONKPI,BIANKOUMA,Gbonne,,,,,,,Gbonne9292,Cote d`Ivoire,DISTRICT DES MONTAGNES,TONKPI,BIANKOUMA,Gbonne,Gbonne,,,,,,Gbonne9287,Cote d`Ivoire,DISTRICT DES MONTAGNES,TONKPI,DANANE,,,,,,,,DANANE,Cote d`Ivoire,DISTRICT DES MONTAGNES,TONKPI,DANANE,MAHAPLEU,,,,,,,MAHAPLEU,Cote d`Ivoire,DISTRICT DES MONTAGNES,TONKPI,DANANE,KOUAN-HOULE,,,,,,,KOUAN-HOULE,Cote d`Ivoire,DISTRICT DES MONTAGNES,TONKPI,DANANE,DALEU,,,,,,,DALEU,Cote d`Ivoire,DISTRICT DES MONTAGNES,TONKPI,DANANE,SEILEU,,,,,,,SEILEU,Cote d`Ivoire,DISTRICT DES MONTAGNES,TONKPI,DANANE,GBON-HOUYE,,,,,,,GBON-HOUYE,Cote d`Ivoire,DISTRICT DES MONTAGNES,TONKPI,DANANE,Danane,,,,,,,Danane9293,Cote d`Ivoire,DISTRICT DES MONTAGNES,TONKPI,DANANE,Danane,Danane,,,,,,Danane9288,Cote d`Ivoire,DISTRICT DES MONTAGNES,TONKPI,MAN,,,,,,,,MAN,Cote d`Ivoire,DISTRICT DES MONTAGNES,TONKPI,MAN,SANDOUGOU-SOBA,,,,,,,SANDOUGOU-SOBA,Cote d`Ivoire,DISTRICT DES MONTAGNES,TONKPI,MAN,BOGOUINE,,,,,,,BOGOUINE,Cote d`Ivoire,DISTRICT DES MONTAGNES,TONKPI,MAN,PODIAGOUINE,,,,,,,PODIAGOUINE,Cote d`Ivoire,DISTRICT DES MONTAGNES,TONKPI,MAN,GBANGBEGOUINE-YATI,,,,,,,GBANGBEGOUINE-YATI,Cote d`Ivoire,DISTRICT DES MONTAGNES,TONKPI,MAN,YAPLEU,,,,,,,YAPLEU,Cote d`Ivoire,DISTRICT DES MONTAGNES,TONKPI,MAN,Logouale,,,,,,,Logouale9294,Cote d`Ivoire,DISTRICT DES MONTAGNES,TONKPI,MAN,Logouale,Logouale,,,,,,Logouale,Cote d`Ivoire,DISTRICT DES MONTAGNES,TONKPI,MAN,Man,,,,,,,Man9295,Cote d`Ivoire,DISTRICT DES MONTAGNES,TONKPI,MAN,Man,Man,,,,,,Man,Cote d`Ivoire,DISTRICT DES MONTAGNES,TONKPI,MAN,Sangouine,,,,,,,Sangouine9296,Cote d`Ivoire,DISTRICT DES MONTAGNES,TONKPI,MAN,Sangouine,Sangouine,,,,,,Sangouine9289,Cote d`Ivoire,DISTRICT DES MONTAGNES,TONKPI,SIPILOU,,,,,,,,SIPILOU,Cote d`Ivoire,DISTRICT DES MONTAGNES,TONKPI,SIPILOU,YORODOUGOU,,,,,,,YORODOUGOU,Cote d`Ivoire,DISTRICT DES MONTAGNES,TONKPI,SIPILOU,Sipilou,,,,,,,Sipilou9297,Cote d`Ivoire,DISTRICT DES MONTAGNES,TONKPI,SIPILOU,Sipilou,Sipilou,,,,,,Sipilou9290,Cote d`Ivoire,DISTRICT DES MONTAGNES,TONKPI,ZAN-HOUNIEN,,,ZOUAN-HOUNIEN,,,,,ZAN-HOUNIEN,Cote d`Ivoire,DISTRICT DES MONTAGNES,TONKPI,ZAN-HOUNIEN,BANNEU,,,,,,,BANNEU,Cote d`Ivoire,DISTRICT DES MONTAGNES,TONKPI,ZAN-HOUNIEN,TEAPLEU,,,,,,,TEAPLEU,Cote d`Ivoire,DISTRICT DES MONTAGNES,TONKPI,ZAN-HOUNIEN,GOULALEU,,,,,,,GOULALEU,Cote d`Ivoire,DISTRICT DES MONTAGNES,TONKPI,ZAN-HOUNIEN,Bin-Houye,,,,,,,Bin-Houye9298,Cote d`Ivoire,DISTRICT DES MONTAGNES,TONKPI,ZAN-HOUNIEN,Bin-Houye,Bin-Houye,,,,,,Bin-Houye,Cote d`Ivoire,DISTRICT DES MONTAGNES,TONKPI,ZAN-HOUNIEN,Zan-Hounien,,,,,,,Zan-Hounien9299,Cote d`Ivoire,DISTRICT DES MONTAGNES,TONKPI,ZAN-HOUNIEN,Zan-Hounien,Zan-Hounien,,,,,,Zan-Hounien9322,Cote d`Ivoire,DISTRICT DES SAVANES,,,,,,,,,,DISTRICT DES SAVANES9323,Cote d`Ivoire,DISTRICT DES SAVANES,BAGOUE,,,,,,,,,BAGOUE9326,Cote d`Ivoire,DISTRICT DES SAVANES,BAGOUE,BOUNDIALI,,,,,,,,BOUNDIALI,Cote d`Ivoire,DISTRICT DES SAVANES,BAGOUE,BOUNDIALI,BAYA,,,,,,,BAYA,Cote d`Ivoire,DISTRICT DES SAVANES,BAGOUE,BOUNDIALI,SIEMPURGO,,,,,,,SIEMPURGO,Cote d`Ivoire,DISTRICT DES SAVANES,BAGOUE,BOUNDIALI,Gonaoni,,,,,,,Gonaoni,Cote d`Ivoire,DISTRICT DES SAVANES,BAGOUE,BOUNDIALI,Boundiali,,,,,,,Boundiali9329,Cote d`Ivoire,DISTRICT DES SAVANES,BAGOUE,BOUNDIALI,Boundiali,Boundiali,,,,,,Boundiali,Cote d`Ivoire,DISTRICT DES SAVANES,BAGOUE,BOUNDIALI,Kassere,,,,,,,Kassere9330,Cote d`Ivoire,DISTRICT DES SAVANES,BAGOUE,BOUNDIALI,Kassere,Kassere,,,,,,Kassere9327,Cote d`Ivoire,DISTRICT DES SAVANES,BAGOUE,KOUTO,,,,,,,,KOUTO,Cote d`Ivoire,DISTRICT DES SAVANES,BAGOUE,KOUTO,Sianhala,,,,,,,Sianhala,Cote d`Ivoire,DISTRICT DES SAVANES,BAGOUE,KOUTO,Blessegue,,,,,,,Blessegue,Cote d`Ivoire,DISTRICT DES SAVANES,BAGOUE,KOUTO,Gbon,,,,,,,Gbon9331,Cote d`Ivoire,DISTRICT DES SAVANES,BAGOUE,KOUTO,Gbon,Gbon,,,,,,Gbon,Cote d`Ivoire,DISTRICT DES SAVANES,BAGOUE,KOUTO,Kolia,,,,,,,Kolia9332,Cote d`Ivoire,DISTRICT DES SAVANES,BAGOUE,KOUTO,Kolia,Kolia,,,,,,Kolia,Cote d`Ivoire,DISTRICT DES SAVANES,BAGOUE,KOUTO,Kouto,,,,,,,Kouto9333,Cote d`Ivoire,DISTRICT DES SAVANES,BAGOUE,KOUTO,Kouto,Kouto,,,,,,Kouto9328,Cote d`Ivoire,DISTRICT DES SAVANES,BAGOUE,TENGRELA,,,,,,,,TENGRELA,Cote d`Ivoire,DISTRICT DES SAVANES,BAGOUE,TENGRELA,Debete,,,,,,,Debete,Cote d`Ivoire,DISTRICT DES SAVANES,BAGOUE,TENGRELA,Kanakono,,,,,,,Kanakono9334,Cote d`Ivoire,DISTRICT DES SAVANES,BAGOUE,TENGRELA,Kanakono,Kanakono,,,,,,Kanakono,Cote d`Ivoire,DISTRICT DES SAVANES,BAGOUE,TENGRELA,Tengrela,,,,,,,Tengrela9335,Cote d`Ivoire,DISTRICT DES SAVANES,BAGOUE,TENGRELA,Tengrela,Tengrela,,,,,,Tengrela9324,Cote d`Ivoire,DISTRICT DES SAVANES,PORO,,,,,,,,,PORO9340,Cote d`Ivoire,DISTRICT DES SAVANES,PORO,DIKODOUGOU,,,,,,,,DIKODOUGOU,Cote d`Ivoire,DISTRICT DES SAVANES,PORO,DIKODOUGOU,BORON,,,,,,,BORON,Cote d`Ivoire,DISTRICT DES SAVANES,PORO,DIKODOUGOU,Dikodougou,,,,,,,Dikodougou9341,Cote d`Ivoire,DISTRICT DES SAVANES,PORO,DIKODOUGOU,Dikodougou,Dikodougou,,,,,,Dikodougou,Cote d`Ivoire,DISTRICT DES SAVANES,PORO,DIKODOUGOU,Guiembe,,,,,,,Guiembe9342,Cote d`Ivoire,DISTRICT DES SAVANES,PORO,DIKODOUGOU,Guiembe,Guiembe,,,,,,Guiembe9336,Cote d`Ivoire,DISTRICT DES SAVANES,PORO,KORHOGO,,,,,,,,KORHOGO,Cote d`Ivoire,DISTRICT DES SAVANES,PORO,KORHOGO,KONI,,,,,,,KONI,Cote d`Ivoire,DISTRICT DES SAVANES,PORO,KORHOGO,SOHOUO,,,,,,,SOHOUO,Cote d`Ivoire,DISTRICT DES SAVANES,PORO,KORHOGO,N'GANON,,,,,,,N'GANON,Cote d`Ivoire,DISTRICT DES SAVANES,PORO,KORHOGO,Karakoro,,,,,,,Karakoro9343,Cote d`Ivoire,DISTRICT DES SAVANES,PORO,KORHOGO,Karakoro,Karakoro,,,,,,Karakoro,Cote d`Ivoire,DISTRICT DES SAVANES,PORO,KORHOGO,Komborodougou,,,,,,,Komborodougou9339,Cote d`Ivoire,DISTRICT DES SAVANES,PORO,KORHOGO,Komborodougou,Komborodougou,,,,,,Komborodougou,Cote d`Ivoire,DISTRICT DES SAVANES,PORO,KORHOGO,Korhogo,,,,,,,Korhogo9344,Cote d`Ivoire,DISTRICT DES SAVANES,PORO,KORHOGO,Korhogo,Korhogo,,,,,,Korhogo9336,Cote d`Ivoire,DISTRICT DES SAVANES,PORO,KORHOGO,,,,,,,,KORHOGO9346,Cote d`Ivoire,DISTRICT DES SAVANES,PORO,KORHOGO,,Napie,NAPIELEDOUGOU?,,,,,Napie,Cote d`Ivoire,DISTRICT DES SAVANES,PORO,KORHOGO,Niofoin,,,,,,,Niofoin9345,Cote d`Ivoire,DISTRICT DES SAVANES,PORO,KORHOGO,Niofoin,Niofoin,,,,,,Niofoin,Cote d`Ivoire,DISTRICT DES SAVANES,PORO,KORHOGO,Sirasso,,,,,,,Sirasso9347,Cote d`Ivoire,DISTRICT DES SAVANES,PORO,KORHOGO,Sirasso,Sirasso,,,,,,Sirasso,Cote d`Ivoire,DISTRICT DES SAVANES,PORO,KORHOGO,Tioroniaradougou,,,,,,,Tioroniaradougou9348,Cote d`Ivoire,DISTRICT DES SAVANES,PORO,KORHOGO,Tioroniaradougou,Tioroniaradougou,,,,,,Tioroniaradougou9337,Cote d`Ivoire,DISTRICT DES SAVANES,PORO,M'BENGUE,,,,,,,,M'BENGUE,Cote d`Ivoire,DISTRICT DES SAVANES,PORO,M'BENGUE,KATOGO,,,,,,,KATOGO,Cote d`Ivoire,DISTRICT DES SAVANES,PORO,M'BENGUE,KATIALI,,,,,,,KATIALI,Cote d`Ivoire,DISTRICT DES SAVANES,PORO,M'BENGUE,BOUGOU,,,,,,,BOUGOU,Cote d`Ivoire,DISTRICT DES SAVANES,PORO,M'BENGUE,M'Bengue,,,,,,,M'Bengue9349,Cote d`Ivoire,DISTRICT DES SAVANES,PORO,M'BENGUE,M'Bengue,M'Bengue,,,,,,M'Bengue9338,Cote d`Ivoire,DISTRICT DES SAVANES,PORO,SINEMATIALI,,,,,,,,SINEMATIALI,Cote d`Ivoire,DISTRICT DES SAVANES,PORO,SINEMATIALI,KAGBOLODOUGOU,,,,,,,KAGBOLODOUGOU,Cote d`Ivoire,DISTRICT DES SAVANES,PORO,SINEMATIALI,BAHOUAKAHA,,,,,,,BAHOUAKAHA,Cote d`Ivoire,DISTRICT DES SAVANES,PORO,SINEMATIALI,Sinematiali,,,,,,,Sinematiali9350,Cote d`Ivoire,DISTRICT DES SAVANES,PORO,SINEMATIALI,Sinematiali,Sinematiali,,,,,,Sinematiali9325,Cote d`Ivoire,DISTRICT DES SAVANES,TCHOLOGO,,,,,,,,,TCHOLOGO9351,Cote d`Ivoire,DISTRICT DES SAVANES,TCHOLOGO,FERKESSEDOUGOU,,,,,,,,FERKESSEDOUGOU,Cote d`Ivoire,DISTRICT DES SAVANES,TCHOLOGO,FERKESSEDOUGOU,TOGONIERE,,,,,,,TOGONIERE,Cote d`Ivoire,DISTRICT DES SAVANES,TCHOLOGO,FERKESSEDOUGOU,Ferkessedougou,,,,,,,Ferkessedougou9354,Cote d`Ivoire,DISTRICT DES SAVANES,TCHOLOGO,FERKESSEDOUGOU,Ferkessedougou,Ferkessedougou,,,,,,Ferkessedougou,Cote d`Ivoire,DISTRICT DES SAVANES,TCHOLOGO,FERKESSEDOUGOU,Koumbala,,,,,,,Koumbala9355,Cote d`Ivoire,DISTRICT DES SAVANES,TCHOLOGO,FERKESSEDOUGOU,Koumbala,Koumbala,,,,,,Koumbala9352,Cote d`Ivoire,DISTRICT DES SAVANES,TCHOLOGO,KONG,,,,,,,,KONG,Cote d`Ivoire,DISTRICT DES SAVANES,TCHOLOGO,KONG,BILIMONO,,,,,,,BILIMONO,Cote d`Ivoire,DISTRICT DES SAVANES,TCHOLOGO,KONG,NAFANA,,,,,,,NAFANA,Cote d`Ivoire,DISTRICT DES SAVANES,TCHOLOGO,KONG,Kong,,,,,,,Kong9356,Cote d`Ivoire,DISTRICT DES SAVANES,TCHOLOGO,KONG,Kong,Kong,,,,,,Kong9353,Cote d`Ivoire,DISTRICT DES SAVANES,TCHOLOGO,OUANGOLODOUGOU,,,,,,,,OUANGOLODOUGOU,Cote d`Ivoire,DISTRICT DES SAVANES,TCHOLOGO,OUANGOLODOUGOU,TOUMOUKORO,,,,,,,TOUMOUKORO,Cote d`Ivoire,DISTRICT DES SAVANES,TCHOLOGO,OUANGOLODOUGOU,Diawala,,,,,,,Diawala9357,Cote d`Ivoire,DISTRICT DES SAVANES,TCHOLOGO,OUANGOLODOUGOU,Diawala,Diawala,,,,,,Diawala,Cote d`Ivoire,DISTRICT DES SAVANES,TCHOLOGO,OUANGOLODOUGOU,Nielle,,,,,,,Nielle9358,Cote d`Ivoire,DISTRICT DES SAVANES,TCHOLOGO,OUANGOLODOUGOU,Nielle,Nielle,,,,,,Nielle,Cote d`Ivoire,DISTRICT DES SAVANES,TCHOLOGO,OUANGOLODOUGOU,Ouangolodougou,,,,,,,Ouangolodougou9359,Cote d`Ivoire,DISTRICT DES SAVANES,TCHOLOGO,OUANGOLODOUGOU,Ouangolodougou,Ouangolodougou,,,,,,Ouangolodougou9116,Cote d`Ivoire,DISTRICT DU BAS-SASSANDRA,,,,,,,,,,DISTRICT DU BAS-SASSANDRA9122,Cote d`Ivoire,DISTRICT DU BAS-SASSANDRA,GBOKLE,,,,,,,,,GBOKLE9127,Cote d`Ivoire,DISTRICT DU BAS-SASSANDRA,GBOKLE,FRESCO,,,,,,,,FRESCO,Cote d`Ivoire,DISTRICT DU BAS-SASSANDRA,GBOKLE,FRESCO,GBAGBAM,,,,,,,GBAGBAM,Cote d`Ivoire,DISTRICT DU BAS-SASSANDRA,GBOKLE,FRESCO,Fresco,,,,,,,Fresco9135,Cote d`Ivoire,DISTRICT DU BAS-SASSANDRA,GBOKLE,FRESCO,Fresco,Fresco,,,,,,Fresco9128,Cote d`Ivoire,DISTRICT DU BAS-SASSANDRA,GBOKLE,SASSANDRA,,,,,,,,SASSANDRA,Cote d`Ivoire,DISTRICT DU BAS-SASSANDRA,GBOKLE,SASSANDRA,DAKPADOU,,,,,,,DAKPADOU,Cote d`Ivoire,DISTRICT DU BAS-SASSANDRA,GBOKLE,SASSANDRA,SAGO,,,,,,,SAGO,Cote d`Ivoire,DISTRICT DU BAS-SASSANDRA,GBOKLE,SASSANDRA,Sassandra,,,,,,,Sassandra9137,Cote d`Ivoire,DISTRICT DU BAS-SASSANDRA,GBOKLE,SASSANDRA,Sassandra,Sassandra,,,,,,Sassandra9123,Cote d`Ivoire,DISTRICT DU BAS-SASSANDRA,NAWA,,,,,,,,,NAWA9129,Cote d`Ivoire,DISTRICT DU BAS-SASSANDRA,NAWA,BUYO,,,,,,,,BUYO,Cote d`Ivoire,DISTRICT DU BAS-SASSANDRA,NAWA,BUYO,Buyo,,,,,,,Buyo9138,Cote d`Ivoire,DISTRICT DU BAS-SASSANDRA,NAWA,BUYO,Buyo,Buyo,,,,,,Buyo9130,Cote d`Ivoire,DISTRICT DU BAS-SASSANDRA,NAWA,GUEYO,,,,,,,,GUEYO,Cote d`Ivoire,DISTRICT DU BAS-SASSANDRA,NAWA,GUEYO,DABOUYO,,,,,,,DABOUYO,Cote d`Ivoire,DISTRICT DU BAS-SASSANDRA,NAWA,GUEYO,Gueyo,,,,,,,Gueyo9139,Cote d`Ivoire,DISTRICT DU BAS-SASSANDRA,NAWA,GUEYO,Gueyo,Gueyo,,,,,,Gueyo9131,Cote d`Ivoire,DISTRICT DU BAS-SASSANDRA,NAWA,MEAGUI,,,,,,,,MEAGUI,Cote d`Ivoire,DISTRICT DU BAS-SASSANDRA,NAWA,MEAGUI,OUPOYO,,,,,,,OUPOYO,Cote d`Ivoire,DISTRICT DU BAS-SASSANDRA,NAWA,MEAGUI,Meagui,,,,,,,Meagui9140,Cote d`Ivoire,DISTRICT DU BAS-SASSANDRA,NAWA,MEAGUI,Meagui,Meagui,,,,,,Meagui9132,Cote d`Ivoire,DISTRICT DU BAS-SASSANDRA,NAWA,SOUBRE,,,,,,,,SOUBRE,Cote d`Ivoire,DISTRICT DU BAS-SASSANDRA,NAWA,SOUBRE,LILIYO,,,,,,,LILIYO,Cote d`Ivoire,DISTRICT DU BAS-SASSANDRA,NAWA,SOUBRE,OKROUYO,,,,,,,OKROUYO,Cote d`Ivoire,DISTRICT DU BAS-SASSANDRA,NAWA,SOUBRE,Grand-Zattry,,,,,,,Grand-Zattry9141,Cote d`Ivoire,DISTRICT DU BAS-SASSANDRA,NAWA,SOUBRE,Grand-Zattry,Grand-Zattry,,,,,,Grand-Zattry9142,Cote d`Ivoire,DISTRICT DU BAS-SASSANDRA,NAWA,SOUBRE,,Mayo,,,,,,Mayo,Cote d`Ivoire,DISTRICT DU BAS-SASSANDRA,NAWA,SOUBRE,Soubre,,,,,,,Soubre9143,Cote d`Ivoire,DISTRICT DU BAS-SASSANDRA,NAWA,SOUBRE,Soubre,Soubre,,,,,,Soubre9124,Cote d`Ivoire,DISTRICT DU BAS-SASSANDRA,SAN PEDRO,,,,,,,,,SAN PEDRO9133,Cote d`Ivoire,DISTRICT DU BAS-SASSANDRA,SAN PEDRO,SAN-PEDRO,,,,,,,,SAN-PEDRO,Cote d`Ivoire,DISTRICT DU BAS-SASSANDRA,SAN PEDRO,SAN-PEDRO,GABIADJI,,,,,,,GABIADJI,Cote d`Ivoire,DISTRICT DU BAS-SASSANDRA,SAN PEDRO,SAN-PEDRO,DOBA,,,,,,,DOBA,Cote d`Ivoire,DISTRICT DU BAS-SASSANDRA,SAN PEDRO,SAN-PEDRO,DOGBO,,,,,,,DOGBO,Cote d`Ivoire,DISTRICT DU BAS-SASSANDRA,SAN PEDRO,SAN-PEDRO,Grand-Bereby,,,,,,,Grand-Bereby9144,Cote d`Ivoire,DISTRICT DU BAS-SASSANDRA,SAN PEDRO,SAN-PEDRO,Grand-Bereby,Grand-Bereby,,,,,,Grand-Bereby,Cote d`Ivoire,DISTRICT DU BAS-SASSANDRA,SAN PEDRO,SAN-PEDRO,San Pedro,,,,,,,San Pedro9145,Cote d`Ivoire,DISTRICT DU BAS-SASSANDRA,SAN PEDRO,SAN-PEDRO,San Pedro,San Pedro,,,,,,San Pedro9134,Cote d`Ivoire,DISTRICT DU BAS-SASSANDRA,SAN PEDRO,TABOU,,,,,,,,TABOU,Cote d`Ivoire,DISTRICT DU BAS-SASSANDRA,SAN PEDRO,TABOU,OLODIO,,,,,,,OLODIO,Cote d`Ivoire,DISTRICT DU BAS-SASSANDRA,SAN PEDRO,TABOU,DJOUROUTOU,,,,,,,DJOUROUTOU,Cote d`Ivoire,DISTRICT DU BAS-SASSANDRA,SAN PEDRO,TABOU,Grabo,,,,,,,Grabo9146,Cote d`Ivoire,DISTRICT DU BAS-SASSANDRA,SAN PEDRO,TABOU,Grabo,Grabo,,,,,,Grabo,Cote d`Ivoire,DISTRICT DU BAS-SASSANDRA,SAN PEDRO,TABOU,Tabou,,,,,,,Tabou9147,Cote d`Ivoire,DISTRICT DU BAS-SASSANDRA,SAN PEDRO,TABOU,Tabou,Tabou,,,,,,Tabou9148,Cote d`Ivoire,DISTRICT DU COMOE,,,,,,,,,,DISTRICT DU COMOE9149,Cote d`Ivoire,DISTRICT DU COMOE,INDENIE-DJUABLIN,,,,,,,,,INDENIE-DJUABLIN9151,Cote d`Ivoire,DISTRICT DU COMOE,INDENIE-DJUABLIN,ABENGOUROU,,,,,,,,ABENGOUROU,Cote d`Ivoire,DISTRICT DU COMOE,INDENIE-DJUABLIN,ABENGOUROU,YAKASSE-FEYASSE,,,,,,,YAKASSE-FEYASSE,Cote d`Ivoire,DISTRICT DU COMOE,INDENIE-DJUABLIN,ABENGOUROU,ZARANOU,,,,,,,ZARANOU,Cote d`Ivoire,DISTRICT DU COMOE,INDENIE-DJUABLIN,ABENGOUROU,AMELEKIA,,,,,,,AMELEKIA,Cote d`Ivoire,DISTRICT DU COMOE,INDENIE-DJUABLIN,ABENGOUROU,ANIASSUE,,,,,,,ANIASSUE,Cote d`Ivoire,DISTRICT DU COMOE,INDENIE-DJUABLIN,ABENGOUROU,EBILASSOUKRO,,,,,,,EBILASSOUKRO,Cote d`Ivoire,DISTRICT DU COMOE,INDENIE-DJUABLIN,ABENGOUROU,Abengourou,,,,,,,Abengourou9154,Cote d`Ivoire,DISTRICT DU COMOE,INDENIE-DJUABLIN,ABENGOUROU,Abengourou,Abengourou,,,,,,Abengourou,Cote d`Ivoire,DISTRICT DU COMOE,INDENIE-DJUABLIN,ABENGOUROU,Niable,,,,,,,Niable9155,Cote d`Ivoire,DISTRICT DU COMOE,INDENIE-DJUABLIN,ABENGOUROU,Niable,Niable,,,,,,Niable9152,Cote d`Ivoire,DISTRICT DU COMOE,INDENIE-DJUABLIN,AGNIBILEKROU,,,,,,,,AGNIBILEKROU,Cote d`Ivoire,DISTRICT DU COMOE,INDENIE-DJUABLIN,AGNIBILEKROU,AKOBOISSUE,,,,,,,AKOBOISSUE,Cote d`Ivoire,DISTRICT DU COMOE,INDENIE-DJUABLIN,AGNIBILEKROU,DAME,,,,,,,DAME,Cote d`Ivoire,DISTRICT DU COMOE,INDENIE-DJUABLIN,AGNIBILEKROU,DUFFREBO,,,,,,,DUFFREBO,Cote d`Ivoire,DISTRICT DU COMOE,INDENIE-DJUABLIN,AGNIBILEKROU,TANGUELAN,,,,,,,TANGUELAN,Cote d`Ivoire,DISTRICT DU COMOE,INDENIE-DJUABLIN,AGNIBILEKROU,Agnibilekrou,,,,,,,Agnibilekrou9156,Cote d`Ivoire,DISTRICT DU COMOE,INDENIE-DJUABLIN,AGNIBILEKROU,Agnibilekrou,Agnibilekrou,,,,,,Agnibilekrou9153,Cote d`Ivoire,DISTRICT DU COMOE,INDENIE-DJUABLIN,BETTIE,,,,,,,,BETTIE,Cote d`Ivoire,DISTRICT DU COMOE,INDENIE-DJUABLIN,BETTIE,DIAMARABO,,,,,,,DIAMARABO,Cote d`Ivoire,DISTRICT DU COMOE,INDENIE-DJUABLIN,BETTIE,Bettie,,,,,,,Bettie9157,Cote d`Ivoire,DISTRICT DU COMOE,INDENIE-DJUABLIN,BETTIE,Bettie,Bettie,,,,,,Bettie9150,Cote d`Ivoire,DISTRICT DU COMOE,SUD-COMOE,,,,,,,,,SUD-COMOE9158,Cote d`Ivoire,DISTRICT DU COMOE,SUD-COMOE,ABOISSO,,,,,,,,ABOISSO,Cote d`Ivoire,DISTRICT DU COMOE,SUD-COMOE,ABOISSO,YAOU,,,,,,,YAOU,Cote d`Ivoire,DISTRICT DU COMOE,SUD-COMOE,ABOISSO,BIANOUAN,,,,,,,BIANOUAN,Cote d`Ivoire,DISTRICT DU COMOE,SUD-COMOE,ABOISSO,KOUAKRO,,,,,,,KOUAKRO,Cote d`Ivoire,DISTRICT DU COMOE,SUD-COMOE,ABOISSO,ADAOU,,,,,,,ADAOU,Cote d`Ivoire,DISTRICT DU COMOE,SUD-COMOE,ABOISSO,ADjOUAN,,,,,,,ADjOUAN,Cote d`Ivoire,DISTRICT DU COMOE,SUD-COMOE,ABOISSO,Aboisso,,,,,,,Aboisso9162,Cote d`Ivoire,DISTRICT DU COMOE,SUD-COMOE,ABOISSO,Aboisso,Aboisso,,,,,,Aboisso,Cote d`Ivoire,DISTRICT DU COMOE,SUD-COMOE,ABOISSO,Ayame,,,,,,,Ayame9163,Cote d`Ivoire,DISTRICT DU COMOE,SUD-COMOE,ABOISSO,Ayame,Ayame,,,,,,Ayame,Cote d`Ivoire,DISTRICT DU COMOE,SUD-COMOE,ABOISSO,Mafere,,,,,,,Mafere9164,Cote d`Ivoire,DISTRICT DU COMOE,SUD-COMOE,ABOISSO,Mafere,Mafere,,,,,,Mafere9159,Cote d`Ivoire,DISTRICT DU COMOE,SUD-COMOE,ADIAKE,,,,,,,,ADIAKE,Cote d`Ivoire,DISTRICT DU COMOE,SUD-COMOE,ADIAKE,ETOUEBOUE,,,,,,,ETOUEBOUE,Cote d`Ivoire,DISTRICT DU COMOE,SUD-COMOE,ADIAKE,ASSINI-MAFIA,,,,,,,ASSINI-MAFIA,Cote d`Ivoire,DISTRICT DU COMOE,SUD-COMOE,ADIAKE,Adiake,,,,,,,Adiake9165,Cote d`Ivoire,DISTRICT DU COMOE,SUD-COMOE,ADIAKE,Adiake,Adiake,,,,,,Adiake9160,Cote d`Ivoire,DISTRICT DU COMOE,SUD-COMOE,GRAND-BASSAM,,,,,,,,GRAND-BASSAM,Cote d`Ivoire,DISTRICT DU COMOE,SUD-COMOE,GRAND-BASSAM,Bongo,,,,,,,Bongo,Cote d`Ivoire,DISTRICT DU COMOE,SUD-COMOE,GRAND-BASSAM,Bonoua,,,,,,,Bonoua9166,Cote d`Ivoire,DISTRICT DU COMOE,SUD-COMOE,GRAND-BASSAM,Bonoua,Bonoua,,,,,,Bonoua,Cote d`Ivoire,DISTRICT DU COMOE,SUD-COMOE,GRAND-BASSAM,Grand- Bassam,,,,,,,Grand- Bassam9167,Cote d`Ivoire,DISTRICT DU COMOE,SUD-COMOE,GRAND-BASSAM,Grand- Bassam,Grand- Bassam,,,,,,Grand- Bassam9161,Cote d`Ivoire,DISTRICT DU COMOE,SUD-COMOE,TIAPOUM,,,,,,,,TIAPOUM,Cote d`Ivoire,DISTRICT DU COMOE,SUD-COMOE,TIAPOUM,NOUAMOU,,,,,,,NOUAMOU,Cote d`Ivoire,DISTRICT DU COMOE,SUD-COMOE,TIAPOUM,NOE,,,,,,,NOE,Cote d`Ivoire,DISTRICT DU COMOE,SUD-COMOE,TIAPOUM,Tiapoum,,,,,,,Tiapoum9168,Cote d`Ivoire,DISTRICT DU COMOE,SUD-COMOE,TIAPOUM,Tiapoum,Tiapoum,,,,,,Tiapoum9187,Cote d`Ivoire,DISTRICT DU GíîH-DJIBOUA,,,,,,,,,,DISTRICT DU GíîH-DJIBOUA9188,Cote d`Ivoire,DISTRICT DU GíîH-DJIBOUA,GíîH,,,,,,,,,GíîH9190,Cote d`Ivoire,DISTRICT DU GíîH-DJIBOUA,GíîH,GAGNOA,,,,,,,,GAGNOA#N/A,Cote d`Ivoire,DISTRICT DU GíîH-DJIBOUA,GíîH,GAGNOA,GUIBEROUA,GUIBEROUA,,,,,,GUIBEROUA#N/A,Cote d`Ivoire,DISTRICT DU GíîH-DJIBOUA,GíîH,GAGNOA,OURAGAHIO,OURAGAHIO,,,,,,OURAGAHIO,Cote d`Ivoire,DISTRICT DU GíîH-DJIBOUA,GíîH,GAGNOA,GNANGBODOUGNOA,,,,,,,GNANGBODOUGNOA,Cote d`Ivoire,DISTRICT DU GíîH-DJIBOUA,GíîH,GAGNOA,BAYOTA,,,,,,,BAYOTA,Cote d`Ivoire,DISTRICT DU GíîH-DJIBOUA,GíîH,GAGNOA,SERIHIO,,,,,,,SERIHIO,Cote d`Ivoire,DISTRICT DU GíîH-DJIBOUA,GíîH,GAGNOA,GALEBRE,,,,,,,GALEBRE,Cote d`Ivoire,DISTRICT DU GíîH-DJIBOUA,GíîH,GAGNOA,DIGNAGO,,,,,,,DIGNAGO,Cote d`Ivoire,DISTRICT DU GíîH-DJIBOUA,GíîH,GAGNOA,GAGNOA,,,,,,,GAGNOA#N/A,Cote d`Ivoire,DISTRICT DU GíîH-DJIBOUA,GíîH,GAGNOA,GAGNOA,GAGNOA,,,,,,GAGNOA9191,Cote d`Ivoire,DISTRICT DU GíîH-DJIBOUA,GíîH,OUME,,,,,,,,OUME#N/A,Cote d`Ivoire,DISTRICT DU GíîH-DJIBOUA,GíîH,OUME,DIEGONEFRA,DIEGONEFRA,,,,,,DIEGONEFRA,Cote d`Ivoire,DISTRICT DU GíîH-DJIBOUA,GíîH,OUME,GUEPAHOUO,,,,,,,GUEPAHOUO,Cote d`Ivoire,DISTRICT DU GíîH-DJIBOUA,GíîH,OUME,TONLA,,,,,,,TONLA,Cote d`Ivoire,DISTRICT DU GíîH-DJIBOUA,GíîH,OUME,OUME,,,,,,,OUME#N/A,Cote d`Ivoire,DISTRICT DU GíîH-DJIBOUA,GíîH,OUME,OUME,OUME,,,,,,OUME9189,Cote d`Ivoire,DISTRICT DU GíîH-DJIBOUA,LíîH-DJIBOUA,,,,,,,,,LíîH-DJIBOUA9192,Cote d`Ivoire,DISTRICT DU GíîH-DJIBOUA,LíîH-DJIBOUA,DIVO,,,,,,,,DIVO,Cote d`Ivoire,DISTRICT DU GíîH-DJIBOUA,LíîH-DJIBOUA,DIVO,OGOUDOU,,,,,,,OGOUDOU,Cote d`Ivoire,DISTRICT DU GíîH-DJIBOUA,LíîH-DJIBOUA,DIVO,DIDOKO,,,,,,,DIDOKO,Cote d`Ivoire,DISTRICT DU GíîH-DJIBOUA,LíîH-DJIBOUA,DIVO,Divo,,,,,,,Divo9195,Cote d`Ivoire,DISTRICT DU GíîH-DJIBOUA,LíîH-DJIBOUA,DIVO,Divo,Divo,,,,,,Divo,Cote d`Ivoire,DISTRICT DU GíîH-DJIBOUA,LíîH-DJIBOUA,DIVO,Hire,,,,,,,Hire9196,Cote d`Ivoire,DISTRICT DU GíîH-DJIBOUA,LíîH-DJIBOUA,DIVO,Hire,Hire,,,,,,Hire9193,Cote d`Ivoire,DISTRICT DU GíîH-DJIBOUA,LíîH-DJIBOUA,GUITRY,,,,,,,,GUITRY,Cote d`Ivoire,DISTRICT DU GíîH-DJIBOUA,LíîH-DJIBOUA,GUITRY,LAUZOUA,,,,,,,LAUZOUA#N/A,Cote d`Ivoire,DISTRICT DU GíîH-DJIBOUA,LíîH-DJIBOUA,GUITRY,LAUZOUA,LAUZOUA,,,,,,LAUZOUA,Cote d`Ivoire,DISTRICT DU GíîH-DJIBOUA,LíîH-DJIBOUA,GUITRY,YOCOBOUE,,,,,,,YOCOBOUE,Cote d`Ivoire,DISTRICT DU GíîH-DJIBOUA,LíîH-DJIBOUA,GUITRY,DAIRO-DIDIZO,,,,,,,DAIRO-DIDIZO,Cote d`Ivoire,DISTRICT DU GíîH-DJIBOUA,LíîH-DJIBOUA,GUITRY,Guitry,,,,,,,Guitry9197,Cote d`Ivoire,DISTRICT DU GíîH-DJIBOUA,LíîH-DJIBOUA,GUITRY,Guitry,Guitry,,,,,,Guitry9194,Cote d`Ivoire,DISTRICT DU GíîH-DJIBOUA,LíîH-DJIBOUA,LAKOTA,,,,,,,,LAKOTA,Cote d`Ivoire,DISTRICT DU GíîH-DJIBOUA,LíîH-DJIBOUA,LAKOTA,NIAMBEZARIA,,,,,,,NIAMBEZARIA,Cote d`Ivoire,DISTRICT DU GíîH-DJIBOUA,LíîH-DJIBOUA,LAKOTA,KOUDOUKO,,,,,,,KOUDOUKO,Cote d`Ivoire,DISTRICT DU GíîH-DJIBOUA,LíîH-DJIBOUA,LAKOTA,GARORE,,,,,,,GARORE,Cote d`Ivoire,DISTRICT DU GíîH-DJIBOUA,LíîH-DJIBOUA,LAKOTA,Lakota,,,,,,,Lakota9198,Cote d`Ivoire,DISTRICT DU GíîH-DJIBOUA,LíîH-DJIBOUA,LAKOTA,Lakota,Lakota,,,,,,Lakota,Cote d`Ivoire,DISTRICT DU GíîH-DJIBOUA,LíîH-DJIBOUA,LAKOTA,Zikisso,,,,,,,Zikisso9199,Cote d`Ivoire,DISTRICT DU GíîH-DJIBOUA,LíîH-DJIBOUA,LAKOTA,Zikisso,Zikisso,,,,,,Zikisso9389,Cote d`Ivoire,DISTRICT DU WOROBA,,,,,,,,,,DISTRICT DU WOROBA9390,Cote d`Ivoire,DISTRICT DU WOROBA,BAFING,,,,,,,,,BAFING9393,Cote d`Ivoire,DISTRICT DU WOROBA,BAFING,KORO,,,,,,,,KORO,Cote d`Ivoire,DISTRICT DU WOROBA,BAFING,KORO,Booko,,,,,,,Booko9401,Cote d`Ivoire,DISTRICT DU WOROBA,BAFING,KORO,Booko,Booko,,,,,,Booko,Cote d`Ivoire,DISTRICT DU WOROBA,BAFING,KORO,Borotou,,,,,,,Borotou9402,Cote d`Ivoire,DISTRICT DU WOROBA,BAFING,KORO,Borotou,Borotou,,,,,,Borotou,Cote d`Ivoire,DISTRICT DU WOROBA,BAFING,KORO,Koro,,,,,,,Koro9403,Cote d`Ivoire,DISTRICT DU WOROBA,BAFING,KORO,Koro,Koro,,,,,,Koro9394,Cote d`Ivoire,DISTRICT DU WOROBA,BAFING,OUANINOU,,,,,,,,OUANINOU,Cote d`Ivoire,DISTRICT DU WOROBA,BAFING,OUANINOU,Koonan,,,,,,,Koonan9404,Cote d`Ivoire,DISTRICT DU WOROBA,BAFING,OUANINOU,Koonan,Koonan,,,,,,Koonan,Cote d`Ivoire,DISTRICT DU WOROBA,BAFING,OUANINOU,Ouaninou,,,,,,,Ouaninou9405,Cote d`Ivoire,DISTRICT DU WOROBA,BAFING,OUANINOU,Ouaninou,Ouaninou,,,,,,Ouaninou9395,Cote d`Ivoire,DISTRICT DU WOROBA,BAFING,TOUBA,,,,,,,,TOUBA,Cote d`Ivoire,DISTRICT DU WOROBA,BAFING,TOUBA,FOUNGBESSO,,,,,,,FOUNGBESSO,Cote d`Ivoire,DISTRICT DU WOROBA,BAFING,TOUBA,GUINTEGUELA,,,,,,,GUINTEGUELA9406,Cote d`Ivoire,DISTRICT DU WOROBA,BAFING,TOUBA,GUINTEGUELA,Guinteguela,,,,,,Guinteguela,Cote d`Ivoire,DISTRICT DU WOROBA,BAFING,TOUBA,TOUBA,,,,,,,TOUBA9407,Cote d`Ivoire,DISTRICT DU WOROBA,BAFING,TOUBA,TOUBA,Touba,,,,,,Touba9391,Cote d`Ivoire,DISTRICT DU WOROBA,BERE,,,,,,,,,BERE9396,Cote d`Ivoire,DISTRICT DU WOROBA,BERE,DIANRA,,,,,,,,DIANRA,Cote d`Ivoire,DISTRICT DU WOROBA,BERE,DIANRA,DIANRA-VILLAGE,,,,,,,DIANRA-VILLAGE,Cote d`Ivoire,DISTRICT DU WOROBA,BERE,DIANRA,Dianra,,,,,,,Dianra9408,Cote d`Ivoire,DISTRICT DU WOROBA,BERE,DIANRA,Dianra,Dianra,,,,,,Dianra9397,Cote d`Ivoire,DISTRICT DU WOROBA,BERE,KOUNAHIRI,,,,,,,,KOUNAHIRI,Cote d`Ivoire,DISTRICT DU WOROBA,BERE,KOUNAHIRI,Kongasso,,,,,,,Kongasso9409,Cote d`Ivoire,DISTRICT DU WOROBA,BERE,KOUNAHIRI,Kongasso,Kongasso,,,,,,Kongasso,Cote d`Ivoire,DISTRICT DU WOROBA,BERE,KOUNAHIRI,Kounahiri,,,,,,,Kounahiri9410,Cote d`Ivoire,DISTRICT DU WOROBA,BERE,KOUNAHIRI,Kounahiri,Kounahiri,,,,,,Kounahiri9398,Cote d`Ivoire,DISTRICT DU WOROBA,BERE,MANKONO,,,,,,,,MANKONO,Cote d`Ivoire,DISTRICT DU WOROBA,BERE,MANKONO,MARHANDALLAH,,,,,,,MARHANDALLAH,Cote d`Ivoire,DISTRICT DU WOROBA,BERE,MANKONO,BOUANDOUGOU,,,,,,,BOUANDOUGOU,Cote d`Ivoire,DISTRICT DU WOROBA,BERE,MANKONO,Mankono,,,,,,,Mankono9411,Cote d`Ivoire,DISTRICT DU WOROBA,BERE,MANKONO,Mankono,Mankono,,,,,,Mankono,Cote d`Ivoire,DISTRICT DU WOROBA,BERE,MANKONO,Sarhala,,,,,,,Sarhala9412,Cote d`Ivoire,DISTRICT DU WOROBA,BERE,MANKONO,Sarhala,Sarhala,,,,,,Sarhala,Cote d`Ivoire,DISTRICT DU WOROBA,BERE,MANKONO,Tieningboue,,,,,,,Tieningboue9413,Cote d`Ivoire,DISTRICT DU WOROBA,BERE,MANKONO,Tieningboue,Tieningboue,,,,,,Tieningboue9392,Cote d`Ivoire,DISTRICT DU WOROBA,WORODOUGOU,,,,,,,,,WORODOUGOU9399,Cote d`Ivoire,DISTRICT DU WOROBA,WORODOUGOU,KANI,,,,,,,,KANI,Cote d`Ivoire,DISTRICT DU WOROBA,WORODOUGOU,KANI,FADIADOUGOU,,,,,,,FADIADOUGOU,Cote d`Ivoire,DISTRICT DU WOROBA,WORODOUGOU,KANI,Djibrosso,,,,,,,Djibrosso9414,Cote d`Ivoire,DISTRICT DU WOROBA,WORODOUGOU,KANI,Djibrosso,Djibrosso,,,,,,Djibrosso,Cote d`Ivoire,DISTRICT DU WOROBA,WORODOUGOU,KANI,Kani,,,,,,,Kani9415,Cote d`Ivoire,DISTRICT DU WOROBA,WORODOUGOU,KANI,Kani,Kani,,,,,,Kani,Cote d`Ivoire,DISTRICT DU WOROBA,WORODOUGOU,KANI,Morondo,,,,,,,Morondo9416,Cote d`Ivoire,DISTRICT DU WOROBA,WORODOUGOU,KANI,Morondo,Morondo,,,,,,Morondo9400,Cote d`Ivoire,DISTRICT DU WOROBA,WORODOUGOU,SEGUELA,,,,,,,,SEGUELA,Cote d`Ivoire,DISTRICT DU WOROBA,WORODOUGOU,SEGUELA,MASSALA,,,,,,,MASSALA,Cote d`Ivoire,DISTRICT DU WOROBA,WORODOUGOU,SEGUELA,BOBI,,,,,,,BOBI,Cote d`Ivoire,DISTRICT DU WOROBA,WORODOUGOU,SEGUELA,DIARABANA,,,,,,,DIARABANA,Cote d`Ivoire,DISTRICT DU WOROBA,WORODOUGOU,SEGUELA,Dualla,,,,,,,Dualla9417,Cote d`Ivoire,DISTRICT DU WOROBA,WORODOUGOU,SEGUELA,Dualla,Dualla,,,,,,Dualla,Cote d`Ivoire,DISTRICT DU WOROBA,WORODOUGOU,SEGUELA,Massala,,,,,,,Massala9418,Cote d`Ivoire,DISTRICT DU WOROBA,WORODOUGOU,SEGUELA,Massala,Massala,,,,,,Massala,Cote d`Ivoire,DISTRICT DU WOROBA,WORODOUGOU,SEGUELA,Seguela,,,,,,,Seguela9419,Cote d`Ivoire,DISTRICT DU WOROBA,WORODOUGOU,SEGUELA,Seguela,Seguela,,,,,,Seguela,Cote d`Ivoire,DISTRICT DU WOROBA,WORODOUGOU,SEGUELA,Sifie,,,,,,,Sifie9420,Cote d`Ivoire,DISTRICT DU WOROBA,WORODOUGOU,SEGUELA,Sifie,Sifie,,,,,,Sifie9421,Cote d`Ivoire,DISTRICT DU WOROBA,WORODOUGOU,SEGUELA,,Worofla,,,,,,Worofla9422,Cote d`Ivoire,DISTRICT DU ZANZAN,,,,,,,,,,DISTRICT DU ZANZAN9423,Cote d`Ivoire,DISTRICT DU ZANZAN,BOUKANI,,,,,,,,,BOUKANI9425,Cote d`Ivoire,DISTRICT DU ZANZAN,BOUKANI,BOUNA,,,,,,,,BOUNA,Cote d`Ivoire,DISTRICT DU ZANZAN,BOUKANI,BOUNA,Bouna,,,,,,,Bouna9429,Cote d`Ivoire,DISTRICT DU ZANZAN,BOUKANI,BOUNA,Bouna,Bouna,,,,,,Bouna9426,Cote d`Ivoire,DISTRICT DU ZANZAN,BOUKANI,DOROPO,,,,,,,,DOROPO,Cote d`Ivoire,DISTRICT DU ZANZAN,BOUKANI,DOROPO,Doropo,,,,,,,Doropo9430,Cote d`Ivoire,DISTRICT DU ZANZAN,BOUKANI,DOROPO,Doropo,Doropo,,,,,,Doropo9427,Cote d`Ivoire,DISTRICT DU ZANZAN,BOUKANI,NASSIAN,,,,,,,,NASSIAN,Cote d`Ivoire,DISTRICT DU ZANZAN,BOUKANI,NASSIAN,KOTOUBA,,,,,,,KOTOUBA,Cote d`Ivoire,DISTRICT DU ZANZAN,BOUKANI,NASSIAN,SOMINASSE,,,,,,,SOMINASSE,Cote d`Ivoire,DISTRICT DU ZANZAN,BOUKANI,NASSIAN,Nassian,,,,,,,Nassian9431,Cote d`Ivoire,DISTRICT DU ZANZAN,BOUKANI,NASSIAN,Nassian,Nassian,,,,,,Nassian9428,Cote d`Ivoire,DISTRICT DU ZANZAN,BOUKANI,TEHINI,,,,,,,,TEHINI,Cote d`Ivoire,DISTRICT DU ZANZAN,BOUKANI,TEHINI,Tougbo,,,,,,,Tougbo,Cote d`Ivoire,DISTRICT DU ZANZAN,BOUKANI,TEHINI,Tehini,,,,,,,Tehini9432,Cote d`Ivoire,DISTRICT DU ZANZAN,BOUKANI,TEHINI,Tehini,Tehini,,,,,,Tehini9424,Cote d`Ivoire,DISTRICT DU ZANZAN,GONTOUGO,,,,,,,,,GONTOUGO9433,Cote d`Ivoire,DISTRICT DU ZANZAN,GONTOUGO,BOUNDOUKOU,,,,,,,,BOUNDOUKOU,Cote d`Ivoire,DISTRICT DU ZANZAN,GONTOUGO,BOUNDOUKOU,TABAGNE,,,,,,,TABAGNE,Cote d`Ivoire,DISTRICT DU ZANZAN,GONTOUGO,BOUNDOUKOU,SOROBANGO,,,,,,,SOROBANGO,Cote d`Ivoire,DISTRICT DU ZANZAN,GONTOUGO,BOUNDOUKOU,SAPLI-SEPINGO,,,,,,,SAPLI-SEPINGO,Cote d`Ivoire,DISTRICT DU ZANZAN,GONTOUGO,BOUNDOUKOU,BONDO,,,,,,,BONDO,Cote d`Ivoire,DISTRICT DU ZANZAN,GONTOUGO,BOUNDOUKOU,APIMANDOUM,,,,,,,APIMANDOUM,Cote d`Ivoire,DISTRICT DU ZANZAN,GONTOUGO,BOUNDOUKOU,LAOUDI-BA,,,,,,,LAOUDI-BA,Cote d`Ivoire,DISTRICT DU ZANZAN,GONTOUGO,BOUNDOUKOU,GOUMERE,,,,,,,GOUMERE,Cote d`Ivoire,DISTRICT DU ZANZAN,GONTOUGO,BOUNDOUKOU,PIND-BOKORO,,,,,,,PIND-BOKORO,Cote d`Ivoire,DISTRICT DU ZANZAN,GONTOUGO,BOUNDOUKOU,YEZIMALA,,,,,,,YEZIMALA,Cote d`Ivoire,DISTRICT DU ZANZAN,GONTOUGO,BOUNDOUKOU,Boundoukou,,,,,,,Boundoukou9438,Cote d`Ivoire,DISTRICT DU ZANZAN,GONTOUGO,BOUNDOUKOU,Boundoukou,Boundoukou,,,,,,Boundoukou9434,Cote d`Ivoire,DISTRICT DU ZANZAN,GONTOUGO,KOUN-FAO,,,,,,,,KOUN-FAO,Cote d`Ivoire,DISTRICT DU ZANZAN,GONTOUGO,KOUN-FAO,BOAHIA,,,,,,,BOAHIA,Cote d`Ivoire,DISTRICT DU ZANZAN,GONTOUGO,KOUN-FAO,TANKESSE,,,,,,,TANKESSE,Cote d`Ivoire,DISTRICT DU ZANZAN,GONTOUGO,KOUN-FAO,TIENKOIKRO,,,,,,,TIENKOIKRO,Cote d`Ivoire,DISTRICT DU ZANZAN,GONTOUGO,KOUN-FAO,KOKOMIAN,,,,,,,KOKOMIAN,Cote d`Ivoire,DISTRICT DU ZANZAN,GONTOUGO,KOUN-FAO,Kouassi-Daterko,,,,,,,Kouassi-Daterko9439,Cote d`Ivoire,DISTRICT DU ZANZAN,GONTOUGO,KOUN-FAO,Kouassi-Daterko,Kouassi-Daterko,,,,,,Kouassi-Daterko,Cote d`Ivoire,DISTRICT DU ZANZAN,GONTOUGO,KOUN-FAO,Koun-Fao,,,,,,,Koun-Fao9440,Cote d`Ivoire,DISTRICT DU ZANZAN,GONTOUGO,KOUN-FAO,Koun-Fao,Koun-Fao,,,,,,Koun-Fao9435,Cote d`Ivoire,DISTRICT DU ZANZAN,GONTOUGO,SANDEGUE,,,,,,,,SANDEGUE,Cote d`Ivoire,DISTRICT DU ZANZAN,GONTOUGO,SANDEGUE,DIMANDOUGOU,,,,,,,DIMANDOUGOU,Cote d`Ivoire,DISTRICT DU ZANZAN,GONTOUGO,SANDEGUE,TAOUDI,,,,,,,TAOUDI,Cote d`Ivoire,DISTRICT DU ZANZAN,GONTOUGO,SANDEGUE,YOROBODI,,,,,,,YOROBODI,Cote d`Ivoire,DISTRICT DU ZANZAN,GONTOUGO,SANDEGUE,BADAKAGNI-TOMORA,,,,,,,BADAKAGNI-TOMORA,Cote d`Ivoire,DISTRICT DU ZANZAN,GONTOUGO,SANDEGUE,Sandegue,,,,,,,Sandegue9441,Cote d`Ivoire,DISTRICT DU ZANZAN,GONTOUGO,SANDEGUE,Sandegue,Sandegue,,,,,,Sandegue9436,Cote d`Ivoire,DISTRICT DU ZANZAN,GONTOUGO,TANDA,,,,,,,,TANDA,Cote d`Ivoire,DISTRICT DU ZANZAN,GONTOUGO,TANDA,AMANVI,,,,,,,AMANVI,Cote d`Ivoire,DISTRICT DU ZANZAN,GONTOUGO,TANDA,TIEDIO,,,,,,,TIEDIO,Cote d`Ivoire,DISTRICT DU ZANZAN,GONTOUGO,TANDA,DIAMBA,,,,,,,DIAMBA,Cote d`Ivoire,DISTRICT DU ZANZAN,GONTOUGO,TANDA,Tanda,,,,,,,Tanda9442,Cote d`Ivoire,DISTRICT DU ZANZAN,GONTOUGO,TANDA,Tanda,Tanda,,,,,,Tanda9437,Cote d`Ivoire,DISTRICT DU ZANZAN,GONTOUGO,TRANSUA,,,,,,,,TRANSUA,Cote d`Ivoire,DISTRICT DU ZANZAN,GONTOUGO,TRANSUA,Assuefry,,,,,,,Assuefry9443,Cote d`Ivoire,DISTRICT DU ZANZAN,GONTOUGO,TRANSUA,Assuefry,Assuefry,,,,,,Assuefry,Cote d`Ivoire,DISTRICT DU ZANZAN,GONTOUGO,TRANSUA,Transua,,,,,,,Transua9444,Cote d`Ivoire,DISTRICT DU ZANZAN,GONTOUGO,TRANSUA,Transua,Transua,,,,,,Transua